,m2,isitma,celly_buildingAge,celly_floortype,location,price,ad_duration,boğaza_bakan,metroya_yakın,teras,eşyalı,bahçeli,bedroom,salon
0,95.0,Kat Kaloriferi,25,1. Kat,"Sarıyer,Baltalimanı Mahallesi",4250,8,0,0,0,1,0,2,1
1,110.0,Kat Kaloriferi,20,Ara Kat,"Sarıyer,Ayazağa Mahallesi",2700,23,0,0,0,1,0,2,1
2,133.51399253731344,Kat Kaloriferi,20,Çatı Katı,"Sarıyer,Tarabya Mahallesi",5500,0,0,0,1,0,0,4,1
3,80.0,Klima,20,Ara Kat,"Sarıyer,Merkez Mahallesi",2250,6,0,0,0,0,0,1,1
4,80.0,Klima,14,Ara Kat,"Sarıyer,Ayazağa Mahallesi",1600,2,0,0,0,1,0,1,1
5,170.0,Klima,10,Ara Kat,"Sarıyer,Maslak Mahallesi",8500,0,0,0,0,0,0,3,1
6,170.0,Klima,10,1. Kat,"Sarıyer,Maslak Mahallesi",8500,3,0,0,1,0,1,3,1
7,198.0,Klima,2,Ara Kat,"Sarıyer,Huzur Mahallesi",7000,2,0,0,0,0,0,3,1
8,85.0,Klima,3,Ara Kat,"Sarıyer,Maslak Mahallesi",5500,0,0,0,0,1,0,1,1
9,100.0,Klima,4,1. Kat,"Sarıyer,Maslak Mahallesi",5500,5,0,0,0,1,0,1,1
10,170.0,Klima,10,Ara Kat,"Sarıyer,Maslak Mahallesi",7500,2,0,0,0,0,0,3,1
11,55.0,Klima,10,Çatı Katı,"Sarıyer,Maslak Mahallesi",14000,0,0,0,0,1,0,4,1
12,54.0,Klima,2,Ara Kat,"Sarıyer,Ayazağa Mahallesi",3250,2,0,0,0,1,0,1,0
13,94.0,Klima,3,Ara Kat,"Sarıyer,Maslak Mahallesi",5000,2,0,0,0,1,0,1,1
14,85.0,Klima,10,Ara Kat,"Sarıyer,Maslak Mahallesi",5500,2,0,0,0,1,0,1,1
15,188.0,Klima,3,Ara Kat,"Sarıyer,Maslak Mahallesi",7000,0,0,0,0,0,0,3,1
16,198.0,Klima,3,Ara Kat,"Sarıyer,Maslak Mahallesi",8000,2,0,0,0,0,0,3,1
17,55.0,Klima,10,Çatı Katı,"Sarıyer,Maslak Mahallesi",10000,0,0,0,0,0,0,4,1
18,170.0,Klima,10,Ara Kat,"Sarıyer,Maslak Mahallesi",8000,0,0,0,0,0,0,3,1
19,37.0,Klima,4,Ara Kat,"Sarıyer,Maslak Mahallesi",20000,9,0,0,0,1,0,4,1
20,60.0,Klima,25,1. Kat,"Sarıyer,Kireçburnu Mahallesi",2000,0,0,0,0,1,1,1,1
21,45.0,Klima,4,Ara Kat,"Sarıyer,Zekeriyaköy Mahallesi",2750,43,0,0,0,1,0,1,1
23,450.0,Kombi,20,Ara Kat,"Sarıyer,Yeniköy Mahallesi",25000,0,0,0,0,1,0,5,2
24,120.0,Kombi,20,Ara Kat,"Sarıyer,Tarabya Mahallesi",8500,0,1,0,0,0,0,3,1
25,183.0,Kombi,5,Çatı Katı,"Sarıyer,Maslak Mahallesi",11390,0,0,0,0,1,0,2,1
26,330.0,Kombi,13,Çatı Katı,"Sarıyer,İstinye Mahallesi",20000,0,0,0,1,0,0,5,1
27,114.0,Kombi,5,Ara Kat,"Sarıyer,Maslak Mahallesi",13000,0,0,0,0,1,0,2,1
28,120.0,Kombi,25,Ara Kat,"Sarıyer,Cumhuriyet Mahallesi",1800,0,0,1,0,0,0,2,1
29,40.0,Kombi,6,Ara Kat,"Sarıyer,Tarabya Mahallesi",19500,0,1,0,1,0,0,4,1
30,84.0,Kombi,19,Ara Kat,"Sarıyer,Zekeriyaköy Mahallesi",2500,0,0,0,0,0,0,2,1
31,90.0,Kombi,20,1. Kat,"Sarıyer,İstinye Mahallesi",2700,0,0,0,0,0,0,2,1
32,120.0,Kombi,30,Bodrum,"Sarıyer,Ferahevler Mahallesi",2250,0,0,0,0,0,1,2,1
33,60.0,Kombi,4,1. Kat,"Sarıyer,Ayazağa Mahallesi",2450,0,0,0,0,1,1,1,1
34,110.0,Kombi,16,Ara Kat,"Sarıyer,Ayazağa Mahallesi",2350,0,0,0,0,0,0,3,1
35,140.0,Kombi,8,Ara Kat,"Sarıyer,Çayırbaşı Mahallesi",3500,0,0,1,1,0,0,4,1
36,100.0,Kombi,20,1. Kat,"Sarıyer,Tarabya Mahallesi",2200,0,0,0,0,0,0,2,1
37,140.0,Kombi,45,1. Kat,"Sarıyer,Rumeli Hisarı Mahallesi",10000,0,0,0,0,0,0,4,1
38,160.0,Kombi,30,1. Kat,"Sarıyer,Rumeli Hisarı Mahallesi",6000,0,1,0,1,0,0,4,1
39,70.0,Kombi,7,1. Kat,"Sarıyer,Poligon Mahallesi",17000,0,0,0,1,0,1,4,1
40,70.0,Kombi,50,1. Kat,"Sarıyer,Büyükdere Mahallesi",1300,0,0,0,0,0,1,2,1
41,104.0,Kombi,5,Çatı Katı,"Sarıyer,Maslak Mahallesi",8990,0,0,0,0,1,0,1,1
42,140.0,Kombi,15,Ara Kat,"Sarıyer,Tarabya Mahallesi",7500,0,1,1,0,0,0,3,1
43,133.51399253731344,Kombi,11,Ara Kat,"Sarıyer,İstinye Mahallesi",23500,0,0,0,0,1,0,3,1
44,140.0,Kombi,40,Ara Kat,"Sarıyer,Rumeli Hisarı Mahallesi",6500,0,0,0,1,0,0,4,1
45,120.0,Kombi,16,Ara Kat,"Sarıyer,Ayazağa Mahallesi",2350,0,0,0,0,0,0,2,1
46,35.0,Kombi,15,Ara Kat,"Sarıyer,Yeniköy Mahallesi",9000,0,0,0,0,0,0,4,1
47,40.0,Kombi,0,Ara Kat,"Sarıyer,Ferahevler Mahallesi",22000,0,0,0,0,0,1,3,1
48,100.0,Kombi,25,Ara Kat,"Sarıyer,Darüşşafaka Mahallesi",3350,0,0,0,0,0,0,2,1
49,140.0,Kombi,12,Ara Kat,"Sarıyer,Ayazağa Mahallesi",1750,0,0,0,1,0,0,3,1
50,133.51399253731344,Kombi,0,Ara Kat,"Sarıyer,Ferahevler Mahallesi",48000,0,1,0,0,0,0,4,1
51,168.0,Kombi,10,Ara Kat,"Sarıyer,İstinye Mahallesi",12000,0,0,0,0,0,0,3,1
52,50.0,Kombi,25,Çatı Katı,"Sarıyer,Yeniköy Mahallesi",12000,0,0,0,1,0,0,5,2
53,175.0,Kombi,40,1. Kat,"Sarıyer,Yeniköy Mahallesi",14000,0,1,0,0,0,0,3,1
54,105.0,Kombi,5,Çatı Katı,"Sarıyer,Maslak Mahallesi",8990,0,0,0,0,1,0,1,1
55,190.0,Kombi,5,Çatı Katı,"Sarıyer,Tarabya Mahallesi",7000,0,0,0,1,0,0,3,1
56,85.0,Kombi,20,Ara Kat,"Sarıyer,Ayazağa Mahallesi",1700,0,0,0,0,0,0,2,1
57,120.0,Kombi,25,Ara Kat,"Sarıyer,Tarabya Mahallesi",7000,1,1,0,0,1,0,2,1
58,100.0,Kombi,25,Ara Kat,"Sarıyer,Tarabya Mahallesi",2500,0,0,1,0,0,0,2,1
59,110.0,Kombi,27,1. Kat,"Sarıyer,Darüşşafaka Mahallesi",3350,0,0,0,0,0,0,2,1
60,160.0,Kombi,30,Ara Kat,"Sarıyer,Reşitpaşa Mahallesi",6400,1,0,0,0,0,0,3,1
61,450.0,Kombi,20,Ara Kat,"Sarıyer,Tarabya Mahallesi",20000,0,0,0,1,0,0,4,1
62,125.0,Kombi,3,Ara Kat,"Sarıyer,Huzur Mahallesi",8190,0,0,0,0,1,0,2,1
63,80.0,Kombi,12,Ara Kat,"Sarıyer,İstinye Mahallesi",25000,0,0,0,1,0,0,5,1
64,130.0,Kombi,8,1. Kat,"Sarıyer,İstinye Mahallesi",15000,0,0,0,0,0,1,2,1
65,50.0,Kombi,25,Çatı Katı,"Sarıyer,Yeniköy Mahallesi",12000,1,0,0,1,0,0,5,1
66,50.0,Kombi,25,Çatı Katı,"Sarıyer,Yeniköy Mahallesi",12000,3,0,0,1,0,0,5,2
67,120.0,Kombi,15,Ara Kat,"Sarıyer,Tarabya Mahallesi",6000,0,1,0,0,0,0,2,1
68,110.0,Kombi,15,Ara Kat,"Sarıyer,Tarabya Mahallesi",6000,0,1,0,0,0,0,2,1
69,140.0,Kombi,5,Çatı Katı,"Sarıyer,Zekeriyaköy Mahallesi",4750,2,0,0,1,0,0,2,1
70,130.0,Kombi,25,Ara Kat,"Sarıyer,Tarabya Mahallesi",8500,1,0,0,0,0,0,2,1
71,140.0,Kombi,40,1. Kat,"Sarıyer,Reşitpaşa Mahallesi",4000,3,0,0,0,0,0,4,1
72,110.0,Kombi,20,1. Kat,"Sarıyer,Merkez Mahallesi",2600,7,0,0,0,0,1,2,1
73,110.0,Kombi,25,Ara Kat,"Sarıyer,Tarabya Mahallesi",1300,0,0,0,0,0,0,2,1
74,65.0,Kombi,25,1. Kat,"Sarıyer,Cumhuriyet Mahallesi",1650,1,0,1,0,1,0,1,1
75,130.0,Kombi,12,Ara Kat,"Sarıyer,Ayazağa Mahallesi",2200,3,0,0,0,0,0,2,1
76,130.0,Kombi,20,Ara Kat,"Sarıyer,Kireçburnu Mahallesi",2600,0,0,0,0,0,0,3,1
77,85.0,Kombi,4,1. Kat,"Sarıyer,Zekeriyaköy Mahallesi",3000,5,0,0,0,0,1,1,1
78,85.0,Kombi,1,1. Kat,"Sarıyer,Ferahevler Mahallesi",10000,7,0,0,0,0,1,5,1
79,190.0,Kombi,21,Ara Kat,"Sarıyer,Tarabya Mahallesi",4000,4,0,0,0,0,0,3,1
80,110.0,Kombi,20,Ara Kat,"Sarıyer,Tarabya Mahallesi",2300,0,0,0,0,0,0,3,1
81,118.0,Kombi,23,Ara Kat,"Sarıyer,Poligon Mahallesi",3000,0,0,0,0,0,0,3,1
82,120.0,Kombi,20,Ara Kat,"Sarıyer,Tarabya Mahallesi",6000,0,1,0,0,0,0,2,1
83,133.51399253731344,Kombi,15,1. Kat,"Sarıyer,Kumköy Mahallesi",5500,4,0,0,0,0,1,3,1
84,115.0,Kombi,25,1. Kat,"Sarıyer,İstinye Mahallesi",5000,1,0,0,0,0,0,2,1
85,120.0,Kombi,30,1. Kat,"Sarıyer,Merkez Mahallesi",2500,6,0,0,0,0,1,2,1
86,110.0,Kombi,30,Çatı Katı,"Sarıyer,Tarabya Mahallesi",3000,4,0,0,1,1,0,2,1
87,100.0,Kombi,25,Ara Kat,"Sarıyer,Emirgan Mahallesi",4000,5,0,0,0,0,0,2,1
88,120.0,Kombi,7,Ara Kat,"Sarıyer,Ayazağa Mahallesi",2200,2,0,0,0,0,0,2,1
89,80.0,Kombi,25,1. Kat,"Sarıyer,Cumhuriyet Mahallesi",1450,1,0,0,0,0,0,2,1
90,220.0,Kombi,16,Ara Kat,"Sarıyer,Tarabya Mahallesi",20000,0,0,0,0,1,0,4,1
91,160.0,Kombi,15,Ara Kat,"Sarıyer,İstinye Mahallesi",7500,3,0,0,0,0,0,3,1
92,130.0,Kombi,20,Ara Kat,"Sarıyer,Reşitpaşa Mahallesi",2500,2,0,0,0,0,0,2,1
93,133.51399253731344,Kombi,30,1. Kat,"Sarıyer,Kireçburnu Mahallesi",12000,6,1,0,0,0,1,4,1
94,80.0,Kombi,25,Ara Kat,"Sarıyer,Cumhuriyet Mahallesi",1900,1,0,1,0,0,0,2,1
95,80.0,Kombi,25,Ara Kat,"Sarıyer,Merkez Mahallesi",1700,5,0,0,0,0,0,2,1
96,145.0,Kombi,25,Ara Kat,"Sarıyer,Tarabya Mahallesi",6000,5,0,0,0,1,0,3,1
97,118.0,Kombi,24,Ara Kat,"Sarıyer,Poligon Mahallesi",2900,0,1,0,0,0,0,3,1
98,100.0,Kombi,20,1. Kat,"Sarıyer,Tarabya Mahallesi",2950,0,0,0,0,0,1,2,1
99,133.51399253731344,Kombi,3,1. Kat,"Sarıyer,Tarabya Mahallesi",10000,4,0,0,0,0,1,5,2
100,80.0,Kombi,20,1. Kat,"Sarıyer,Tarabya Mahallesi",2500,1,0,0,0,0,0,2,1
101,133.51399253731344,Kombi,28,Ara Kat,"Sarıyer,Tarabya Mahallesi",5500,0,0,0,1,0,0,4,1
102,80.0,Kombi,25,Ara Kat,"Sarıyer,Büyükdere Mahallesi",1600,4,0,0,0,0,0,1,1
103,133.51399253731344,Kombi,12,1. Kat,"Sarıyer,İstinye Mahallesi",24000,0,0,0,0,1,1,3,1
104,133.51399253731344,Kombi,2,Ara Kat,"Sarıyer,Maden Mahallesi",7500,1,0,0,1,0,0,4,1
105,61.0,Kombi,21,1. Kat,"Sarıyer,Yeniköy Mahallesi",1350,2,0,0,0,0,1,1,1
106,120.0,Kombi,2,1. Kat,"Sarıyer,Tarabya Mahallesi",8250,28,0,0,0,0,1,2,1
107,360.0,Kombi,30,Ara Kat,"Sarıyer,Reşitpaşa Mahallesi",16000,0,0,0,1,0,0,4,1
108,110.0,Kombi,35,1. Kat,"Sarıyer,Emirgan Mahallesi",2500,1,0,0,0,0,1,2,1
109,300.0,Kombi,25,Ara Kat,"Sarıyer,Tarabya Mahallesi",12000,12,0,0,0,0,0,3,1
110,300.0,Kombi,24,Çatı Katı,"Sarıyer,Tarabya Mahallesi",10000,8,0,0,0,0,0,6,1
111,50.0,Kombi,25,Bodrum,"Sarıyer,Emirgan Mahallesi",1500,7,0,0,0,0,0,1,1
112,125.0,Kombi,25,1. Kat,"Sarıyer,Fatih Sultan Mehmet Mahallesi",2500,1,0,0,0,0,0,3,1
113,133.51399253731344,Kombi,30,1. Kat,"Sarıyer,Rumeli Hisarı Mahallesi",13000,6,0,0,1,0,1,4,1
114,85.0,Kombi,22,1. Kat,"Sarıyer,Reşitpaşa Mahallesi",2200,2,0,0,0,0,0,2,1
115,145.0,Kombi,20,1. Kat,"Sarıyer,Tarabya Mahallesi",6000,22,0,0,0,1,0,3,1
117,160.0,Kombi,20,Ara Kat,"Sarıyer,Tarabya Mahallesi",4500,1,0,1,0,1,0,3,1
118,90.0,Kombi,20,Ara Kat,"Sarıyer,İstinye Mahallesi",2100,0,0,0,0,0,0,2,1
119,95.0,Kombi,25,Ara Kat,"Sarıyer,İstinye Mahallesi",5500,0,0,0,0,0,0,2,1
120,90.0,Kombi,12,Ara Kat,"Sarıyer,Kumköy Mahallesi",2750,21,0,0,0,1,0,2,1
121,85.0,Kombi,35,Ara Kat,"Sarıyer,Maden Mahallesi",1650,6,0,0,0,0,0,1,1
122,40.0,Kombi,26,Çatı Katı,"Sarıyer,Tarabya Mahallesi",6000,0,0,0,1,0,0,4,1
123,180.0,Kombi,26,1. Kat,"Sarıyer,Emirgan Mahallesi",10000,3,0,0,0,0,1,3,1
124,140.0,Kombi,10,Bodrum,"Sarıyer,Ayazağa Mahallesi",1750,0,0,0,0,0,0,3,1
125,110.0,Kombi,20,Ara Kat,"Sarıyer,Tarabya Mahallesi",2800,1,0,0,0,0,0,2,1
126,10.0,Kombi,4,Çatı Katı,"Sarıyer,İstinye Mahallesi",16000,0,0,0,1,0,1,4,1
127,80.0,Kombi,20,1. Kat,"Sarıyer,Tarabya Mahallesi",1300,0,0,0,0,0,0,1,1
128,180.0,Kombi,26,Ara Kat,"Sarıyer,Emirgan Mahallesi",10000,3,0,0,0,0,1,3,1
129,80.0,Kombi,30,1. Kat,"Sarıyer,Tarabya Mahallesi",7000,3,0,0,1,0,0,3,1
130,175.0,Kombi,25,Ara Kat,"Sarıyer,Yeniköy Mahallesi",25000,0,0,0,1,0,0,2,1
131,50.0,Kombi,30,Çatı Katı,"Sarıyer,Yeniköy Mahallesi",12000,10,0,0,1,0,0,5,2
132,65.0,Kombi,24,1. Kat,"Sarıyer,Emirgan Mahallesi",2200,2,0,0,0,0,1,1,1
133,166.0,Kombi,15,Ara Kat,"Sarıyer,Tarabya Mahallesi",4500,1,0,0,0,1,0,3,1
134,110.0,Kombi,1,1. Kat,"Sarıyer,Zekeriyaköy Mahallesi",4500,6,0,0,1,0,0,2,1
135,65.0,Kombi,24,1. Kat,"Sarıyer,Emirgan Mahallesi",2600,5,0,0,0,1,0,1,1
136,100.0,Kombi,20,Ara Kat,"Sarıyer,Bahçeköy Yeni Mahallesi",1900,8,0,0,0,0,0,2,1
137,70.0,Kombi,26,1. Kat,"Sarıyer,Zekeriyaköy Mahallesi",3500,2,0,0,0,1,1,1,1
138,14.0,Kombi,10,Ara Kat,"Sarıyer,Zekeriyaköy Mahallesi",4100,10,0,0,0,0,0,3,1
140,194.0,Kombi,8,Ara Kat,"Sarıyer,Pınar Mahallesi",17000,0,0,0,0,0,0,4,1
141,5.0,Kombi,8,Ara Kat,"Sarıyer,Maden Mahallesi",7000,6,0,0,1,0,1,4,1
142,130.0,Kombi,26,1. Kat,"Sarıyer,Yeniköy Mahallesi",6000,4,1,0,0,0,1,2,1
143,140.0,Kombi,20,Ara Kat,"Sarıyer,Tarabya Mahallesi",5500,0,0,0,0,1,0,3,1
144,80.0,Kombi,16,Çatı Katı,"Sarıyer,Ayazağa Mahallesi",1300,2,0,0,0,0,0,2,1
145,120.0,Kombi,16,Bodrum,"Sarıyer,Ayazağa Mahallesi",2150,0,0,0,0,1,0,3,1
146,100.0,Kombi,18,Ara Kat,"Sarıyer,Ayazağa Mahallesi",1500,2,0,0,0,0,0,2,1
147,95.0,Kombi,25,Ara Kat,"Sarıyer,İstinye Mahallesi",4500,1,0,0,0,0,0,2,1
148,180.0,Kombi,16,Ara Kat,"Sarıyer,Yeniköy Mahallesi",24000,6,1,0,0,0,0,3,1
149,40.0,Kombi,0,Ara Kat,"Sarıyer,Yeniköy Mahallesi",25000,0,1,0,0,0,0,3,1
150,80.0,Kombi,21,Ara Kat,"Sarıyer,İstinye Mahallesi",2000,4,0,0,0,0,0,1,1
151,120.0,Kombi,20,1. Kat,"Sarıyer,Tarabya Mahallesi",3500,12,0,1,0,0,0,2,1
152,315.0,Kombi,7,1. Kat,"Sarıyer,Maden Mahallesi",13500,1,0,0,0,0,1,5,1
153,40.0,Kombi,25,Ara Kat,"Sarıyer,Tarabya Mahallesi",6500,1,1,0,0,0,0,4,2
154,170.0,Kombi,30,Ara Kat,"Sarıyer,Tarabya Mahallesi",4000,13,0,1,0,0,1,3,1
155,90.0,Kombi,1,Ara Kat,"Sarıyer,Zekeriyaköy Mahallesi",4500,0,0,0,1,0,0,2,1
156,110.0,Kombi,20,Ara Kat,"Sarıyer,Tarabya Mahallesi",3300,0,0,0,0,0,0,2,1
157,80.0,Kombi,29,1. Kat,"Sarıyer,Emirgan Mahallesi",2500,0,1,0,0,1,1,2,1
158,175.0,Kombi,20,Ara Kat,"Sarıyer,Yeniköy Mahallesi",25000,0,1,0,1,0,0,3,1
159,120.0,Kombi,20,Ara Kat,"Sarıyer,Tarabya Mahallesi",3500,4,1,1,1,0,0,3,1
160,90.0,Kombi,20,1. Kat,"Sarıyer,Pınar Mahallesi",2550,0,0,0,0,0,0,2,1
161,160.0,Kombi,1,Ara Kat,"Sarıyer,Emirgan Mahallesi",9000,1,0,0,0,0,0,3,1
162,140.0,Kombi,30,Ara Kat,"Sarıyer,Tarabya Mahallesi",4000,26,0,1,0,0,0,3,1
163,90.0,Kombi,25,Ara Kat,"Sarıyer,Tarabya Mahallesi",2100,0,0,0,0,0,0,1,1
164,75.0,Kombi,19,1. Kat,"Sarıyer,Darüşşafaka Mahallesi",2000,12,0,0,0,0,1,1,1
165,500.0,Kombi,0,1. Kat,"Sarıyer,Ferahevler Mahallesi",50000,0,1,0,0,0,0,5,1
166,185.0,Kombi,14,1. Kat,"Sarıyer,Tarabya Mahallesi",10000,13,0,0,0,0,1,3,1
167,95.0,Kombi,26,Bodrum,"Sarıyer,Fatih Sultan Mehmet Mahallesi",1300,0,0,0,0,0,0,2,1
168,135.0,Kombi,26,Ara Kat,"Sarıyer,Reşitpaşa Mahallesi",3200,3,0,0,0,0,0,3,1
169,140.0,Kombi,28,Ara Kat,"Sarıyer,Ferahevler Mahallesi",2500,0,0,0,0,0,0,3,1
170,110.0,Kombi,20,Ara Kat,"Sarıyer,İstinye Mahallesi",2500,2,0,0,0,0,0,2,1
171,30.0,Kombi,25,Ara Kat,"Sarıyer,Ferahevler Mahallesi",3400,1,0,0,1,0,0,4,1
172,100.0,Kombi,16,1. Kat,"Sarıyer,Ayazağa Mahallesi",1650,0,0,0,0,0,0,3,1
173,120.0,Kombi,25,Ara Kat,"Sarıyer,Ferahevler Mahallesi",2200,1,0,0,0,0,0,2,1
174,80.0,Kombi,25,Çatı Katı,"Sarıyer,Cumhuriyet Mahallesi",1800,1,0,0,0,0,0,2,1
175,75.0,Kombi,20,Bodrum,"Sarıyer,Reşitpaşa Mahallesi",1500,16,0,0,0,1,0,1,1
176,150.0,Kombi,8,Ara Kat,"Sarıyer,Ayazağa Mahallesi",3050,2,0,0,0,1,0,3,1
177,80.0,Kombi,5,Ara Kat,"Sarıyer,Ayazağa Mahallesi",3500,3,0,0,0,0,0,1,1
178,5.0,Kombi,8,Ara Kat,"Sarıyer,Ferahevler Mahallesi",7000,13,0,0,0,0,0,4,1
179,90.0,Kombi,18,Ara Kat,"Sarıyer,Ayazağa Mahallesi",1200,2,0,0,0,0,0,1,1
180,194.0,Kombi,7,Ara Kat,"Sarıyer,İstinye Mahallesi",18500,10,0,0,0,0,0,3,1
181,170.0,Kombi,24,Bodrum,"Sarıyer,Yeniköy Mahallesi",23000,2,0,0,1,0,0,3,1
182,135.0,Kombi,26,Ara Kat,"Sarıyer,Reşitpaşa Mahallesi",3200,3,0,0,0,0,0,3,1
183,60.0,Kombi,20,1. Kat,"Sarıyer,Tarabya Mahallesi",1200,0,0,0,0,0,0,1,0
184,61.0,Kombi,23,1. Kat,"Sarıyer,Poligon Mahallesi",1000,2,0,0,0,0,1,1,1
185,75.0,Kombi,20,1. Kat,"Sarıyer,Tarabya Mahallesi",1500,0,0,0,0,0,0,2,1
186,165.0,Kombi,30,Ara Kat,"Sarıyer,Cumhuriyet Mahallesi",4000,13,1,1,0,0,0,3,1
187,40.0,Kombi,0,1. Kat,"Sarıyer,Tarabya Mahallesi",10000,0,0,0,1,0,1,5,2
188,150.0,Kombi,18,Bodrum,"Sarıyer,Bahçeköy Yeni Mahallesi",2000,10,0,0,0,0,0,3,1
189,75.0,Kombi,29,Ara Kat,"Sarıyer,Emirgan Mahallesi",5750,3,1,0,0,0,0,1,1
191,180.0,Kombi,30,Ara Kat,"Sarıyer,Baltalimanı Mahallesi",14000,4,1,0,0,0,0,4,1
192,75.0,Kombi,26,Ara Kat,"Sarıyer,Fatih Sultan Mehmet Mahallesi",1100,0,0,0,0,0,0,1,1
193,160.0,Kombi,1,Ara Kat,"Sarıyer,Emirgan Mahallesi",11500,1,0,0,1,0,0,3,1
194,75.0,Kombi,0,Çatı Katı,"Sarıyer,Maden Mahallesi",1600,11,0,0,0,0,0,2,1
195,150.0,Kombi,25,Ara Kat,"Sarıyer,Tarabya Mahallesi",4500,1,0,1,0,1,0,3,1
196,300.0,Kombi,1,1. Kat,"Sarıyer,Tarabya Mahallesi",15000,1,0,0,0,0,1,5,1
197,100.0,Kombi,30,Ara Kat,"Sarıyer,İstinye Mahallesi",3250,1,0,0,0,0,0,2,1
198,80.0,Kombi,35,1. Kat,"Sarıyer,Yeniköy Mahallesi",3400,6,1,0,0,0,0,2,1
199,100.0,Kombi,20,1. Kat,"Sarıyer,Yeniköy Mahallesi",3750,0,0,0,0,1,0,2,1
200,110.0,Kombi,17,1. Kat,"Sarıyer,Yeniköy Mahallesi",2750,1,1,0,0,0,0,2,1
201,300.0,Kombi,20,Ara Kat,"Sarıyer,Tarabya Mahallesi",9000,2,1,0,0,0,1,4,1
202,55.0,Kombi,2,Ara Kat,"Sarıyer,Ayazağa Mahallesi",1750,2,0,0,0,0,0,1,1
203,150.0,Kombi,20,Ara Kat,"Sarıyer,Tarabya Mahallesi",3500,0,1,1,1,0,0,3,1
204,133.51399253731344,Kombi,25,Ara Kat,"Sarıyer,Ferahevler Mahallesi",5700,24,0,0,0,0,1,3,1
205,180.0,Kombi,20,Ara Kat,"Sarıyer,Ferahevler Mahallesi",3500,13,0,0,0,0,0,3,1
206,90.0,Kombi,25,Ara Kat,"Sarıyer,Reşitpaşa Mahallesi",2250,8,0,0,0,0,0,2,1
207,145.0,Kombi,8,Ara Kat,"Sarıyer,Ayazağa Mahallesi",2550,2,0,0,0,1,0,2,1
208,95.0,Kombi,20,Ara Kat,"Sarıyer,Ayazağa Mahallesi",1800,2,0,0,0,0,0,2,1
209,90.0,Kombi,25,Ara Kat,"Sarıyer,Reşitpaşa Mahallesi",2250,8,0,0,0,0,0,2,1
210,120.0,Kombi,25,Ara Kat,"Sarıyer,Merkez Mahallesi",2600,12,0,0,0,0,0,3,1
211,133.51399253731344,Kombi,10,1. Kat,"Sarıyer,Uskumruköy Mahallesi",7500,7,0,0,1,0,1,4,1
212,300.0,Kombi,38,Ara Kat,"Sarıyer,Tarabya Mahallesi",15000,12,0,0,0,0,0,3,1
213,133.51399253731344,Kombi,25,Ara Kat,"Sarıyer,Rumeli Hisarı Mahallesi",14000,0,1,0,1,0,0,4,1
214,118.0,Kombi,20,Ara Kat,"Sarıyer,Pınar Mahallesi",3100,0,0,0,0,0,0,3,1
215,85.0,Kombi,11,Ara Kat,"Sarıyer,Yeniköy Mahallesi",2000,4,1,0,0,0,0,1,1
216,100.0,Kombi,15,Ara Kat,"Sarıyer,Ayazağa Mahallesi",2500,28,0,0,0,1,0,2,1
217,97.0,Kombi,24,1. Kat,"Sarıyer,Yeniköy Mahallesi",1700,2,0,0,0,0,0,2,1
218,350.0,Kombi,12,Ara Kat,"Sarıyer,İstinye Mahallesi",20000,0,0,0,0,0,0,5,1
219,50.0,Kombi,15,Ara Kat,"Sarıyer,Tarabya Mahallesi",19500,0,1,0,1,0,0,5,1
220,100.0,Kombi,16,1. Kat,"Sarıyer,Ayazağa Mahallesi",1550,0,0,0,0,0,0,2,1
221,160.0,Kombi,0,Ara Kat,"Sarıyer,Maden Mahallesi",6500,4,0,0,1,0,0,3,1
222,90.0,Kombi,15,Ara Kat,"Sarıyer,Cumhuriyet Mahallesi",1750,10,0,0,0,0,0,2,1
223,85.0,Kombi,25,Ara Kat,"Sarıyer,Yeniköy Mahallesi",1600,2,0,0,0,0,0,1,1
224,80.0,Kombi,26,1. Kat,"Sarıyer,Emirgan Mahallesi",2500,0,1,0,0,0,1,2,1
225,75.0,Kombi,20,1. Kat,"Sarıyer,Reşitpaşa Mahallesi",1500,16,0,0,0,0,1,1,1
226,133.51399253731344,Kombi,15,Ara Kat,"Sarıyer,Yeniköy Mahallesi",20000,2,0,0,1,0,0,3,1
227,104.0,Kombi,5,Çatı Katı,"Sarıyer,Maslak Mahallesi",8990,3,0,0,0,1,0,1,1
228,150.0,Kombi,25,Ara Kat,"Sarıyer,Tarabya Mahallesi",3100,1,0,1,0,0,0,3,1
229,80.0,Kombi,10,Çatı Katı,"Sarıyer,Cumhuriyet Mahallesi",1600,0,0,0,0,0,0,1,1
230,40.0,Kombi,30,Çatı Katı,"Sarıyer,Tarabya Mahallesi",5500,0,0,0,1,0,0,4,1
231,55.0,Kombi,6,Çatı Katı,"Sarıyer,İstinye Mahallesi",12000,6,0,0,0,0,0,5,1
232,133.51399253731344,Kombi,20,Ara Kat,"Sarıyer,Tarabya Mahallesi",5500,1,0,0,0,0,0,3,2
233,85.0,Kombi,20,Ara Kat,"Sarıyer,Poligon Mahallesi",1500,0,0,0,0,0,0,2,1
234,100.0,Kombi,25,Ara Kat,"Sarıyer,Tarabya Mahallesi",2950,1,0,0,0,0,1,2,1
235,50.0,Kombi,5,Ara Kat,"Sarıyer,İstinye Mahallesi",12000,29,0,0,0,0,0,4,1
236,50.0,Kombi,10,Ara Kat,"Sarıyer,Tarabya Mahallesi",13000,1,0,0,0,0,0,4,1
237,70.0,Kombi,2,Ara Kat,"Sarıyer,Fatih Sultan Mehmet Mahallesi",1300,1,0,0,0,0,0,1,1
238,70.0,Kombi,15,Ara Kat,"Sarıyer,Maden Mahallesi",1000,0,0,0,0,0,0,1,1
239,75.0,Kombi,29,Ara Kat,"Sarıyer,Emirgan Mahallesi",5750,0,1,0,0,0,0,1,1
240,330.0,Kombi,15,Ara Kat,"Sarıyer,İstinye Mahallesi",20000,11,0,0,1,0,0,5,1
241,90.0,Kombi,10,1. Kat,"Sarıyer,Zekeriyaköy Mahallesi",4000,11,0,0,0,0,0,2,1
242,150.0,Kombi,20,Ara Kat,"Sarıyer,Emirgan Mahallesi",6400,3,0,0,0,0,0,3,1
243,120.0,Kombi,15,Ara Kat,"Sarıyer,Merkez Mahallesi",1700,28,0,0,0,0,0,2,1
244,90.0,Kombi,20,1. Kat,"Sarıyer,Çayırbaşı Mahallesi",1800,0,0,0,0,0,1,2,1
245,135.0,Kombi,1,Ara Kat,"Sarıyer,Ayazağa Mahallesi",2000,2,0,0,0,0,0,3,1
246,165.0,Kombi,28,1. Kat,"Sarıyer,Rumeli Hisarı Mahallesi",6000,2,0,0,1,0,0,4,1
247,190.0,Kombi,0,1. Kat,"Sarıyer,Zekeriyaköy Mahallesi",8000,27,0,0,1,0,1,3,1
248,150.0,Kombi,3,Ara Kat,"Sarıyer,Maden Mahallesi",3500,3,0,0,0,0,0,2,1
249,140.0,Kombi,22,Ara Kat,"Sarıyer,İstinye Mahallesi",2800,2,0,0,0,0,0,3,1
250,130.0,Kombi,15,1. Kat,"Sarıyer,Bahçeköy Merkez Mahallesi",2000,1,0,0,0,0,1,3,1
251,70.0,Kombi,18,Bodrum,"Sarıyer,Büyükdere Mahallesi",1100,24,0,0,0,0,0,1,1
252,150.0,Kombi,24,Ara Kat,"Sarıyer,Baltalimanı Mahallesi",3500,8,0,0,0,0,1,3,1
253,183.0,Kombi,5,Çatı Katı,"Sarıyer,Maslak Mahallesi",13590,5,0,0,0,1,0,2,1
254,110.0,Kombi,10,Ara Kat,"Sarıyer,Ayazağa Mahallesi",1300,8,0,0,0,0,0,2,1
255,16.0,Kombi,9,Ara Kat,"Sarıyer,Zekeriyaköy Mahallesi",4500,10,0,0,0,0,0,4,1
256,60.0,Kombi,26,Bodrum,"Sarıyer,Emirgan Mahallesi",1500,10,0,0,0,0,1,1,1
257,80.0,Kombi,4,Ara Kat,"Sarıyer,İstinye Mahallesi",16000,0,0,0,1,0,0,4,1
258,100.0,Kombi,28,Ara Kat,"Sarıyer,İstinye Mahallesi",2500,15,0,0,0,0,0,2,1
259,160.0,Kombi,25,Ara Kat,"Sarıyer,Tarabya Mahallesi",3100,1,0,1,0,0,0,3,1
260,130.0,Kombi,25,1. Kat,"Sarıyer,Tarabya Mahallesi",2000,1,0,0,0,0,0,2,1
261,110.0,Kombi,20,1. Kat,"Sarıyer,Tarabya Mahallesi",3200,20,0,1,0,0,0,2,1
262,90.0,Kombi,10,Ara Kat,"Sarıyer,İstinye Mahallesi",25000,0,0,0,1,0,0,5,1
263,150.0,Kombi,30,1. Kat,"Sarıyer,İstinye Mahallesi",7900,5,1,0,0,0,0,2,1
264,130.0,Kombi,25,Ara Kat,"Sarıyer,Tarabya Mahallesi",4500,1,0,0,0,0,1,2,1
265,170.0,Kombi,3,Ara Kat,"Sarıyer,Tarabya Mahallesi",7000,0,0,0,1,0,0,3,1
266,190.0,Kombi,11,1. Kat,"Sarıyer,Tarabya Mahallesi",9500,0,0,0,0,0,1,3,1
267,100.0,Kombi,35,Ara Kat,"Sarıyer,İstinye Mahallesi",3250,12,0,0,0,0,0,3,1
268,55.0,Kombi,10,Ara Kat,"Sarıyer,Tarabya Mahallesi",13000,3,0,0,1,0,0,4,1
269,120.0,Kombi,20,Ara Kat,"Sarıyer,Reşitpaşa Mahallesi",3000,3,0,0,0,0,0,3,1
270,100.0,Kombi,25,Ara Kat,"Sarıyer,Tarabya Mahallesi",2800,1,1,0,0,0,0,2,1
271,110.0,Kombi,11,Ara Kat,"Sarıyer,Ayazağa Mahallesi",1900,0,0,0,0,0,0,2,1
272,300.0,Kombi,40,Ara Kat,"Sarıyer,Emirgan Mahallesi",18000,5,0,0,0,0,0,4,1
273,160.0,Kombi,8,Çatı Katı,"Sarıyer,Ferahevler Mahallesi",6900,0,0,0,1,1,0,3,1
274,115.0,Kombi,15,Ara Kat,"Sarıyer,Ferahevler Mahallesi",3350,3,0,0,0,0,0,3,1
275,95.0,Kombi,30,Ara Kat,"Sarıyer,İstinye Mahallesi",2250,26,0,0,0,0,0,2,1
276,130.0,Kombi,15,Ara Kat,"Sarıyer,Ayazağa Mahallesi",1700,2,0,0,0,0,0,3,1
277,133.51399253731344,Kombi,20,1. Kat,"Sarıyer,Tarabya Mahallesi",8000,0,0,0,0,0,1,3,1
278,70.0,Kombi,20,Ara Kat,"Sarıyer,Ayazağa Mahallesi",1550,26,0,0,0,0,0,1,1
279,85.0,Kombi,23,Ara Kat,"Sarıyer,Yeni Mahallesi",1950,15,0,0,0,0,0,2,1
280,133.51399253731344,Kombi,28,1. Kat,"Sarıyer,Rumeli Hisarı Mahallesi",13000,2,1,0,0,0,1,4,1
281,80.0,Kombi,24,Ara Kat,"Sarıyer,Emirgan Mahallesi",1900,10,0,0,0,0,0,2,1
282,300.0,Kombi,7,Ara Kat,"Sarıyer,Maden Mahallesi",7750,2,1,0,0,0,0,4,1
283,350.0,Kombi,5,Çatı Katı,"Sarıyer,İstinye Mahallesi",23000,29,0,0,1,0,0,5,1
284,150.0,Kombi,25,Ara Kat,"Sarıyer,Tarabya Mahallesi",5000,1,0,1,0,1,0,3,1
285,150.0,Kombi,15,Ara Kat,"Sarıyer,Tarabya Mahallesi",5000,1,0,1,0,1,0,3,1
286,300.0,Kombi,19,Ara Kat,"Sarıyer,Tarabya Mahallesi",10000,1,1,0,0,0,1,4,1
287,120.0,Kombi,25,Ara Kat,"Sarıyer,Tarabya Mahallesi",3750,1,0,0,0,1,0,2,1
288,133.51399253731344,Kombi,20,1. Kat,"Sarıyer,Tarabya Mahallesi",8000,0,1,0,0,0,1,3,1
289,90.0,Kombi,20,1. Kat,"Sarıyer,Tarabya Mahallesi",2000,17,1,0,0,0,0,2,1
290,74.0,Kombi,8,Ara Kat,"Sarıyer,Ayazağa Mahallesi",1600,5,0,0,0,0,0,1,1
291,50.0,Kombi,20,Ara Kat,"Sarıyer,Emirgan Mahallesi",36000,0,1,0,0,1,1,4,1
292,80.0,Kombi,25,Ara Kat,"Sarıyer,Tarabya Mahallesi",7000,1,0,0,0,0,0,4,1
293,330.0,Kombi,15,Ara Kat,"Sarıyer,İstinye Mahallesi",19000,15,0,0,1,0,0,5,1
294,460.0,Kombi,15,1. Kat,"Sarıyer,Tarabya Mahallesi",20000,10,0,0,1,0,1,4,1
295,175.0,Kombi,0,Ara Kat,"Sarıyer,İstinye Mahallesi",23000,3,1,0,0,0,0,3,1
296,140.0,Kombi,30,Ara Kat,"Sarıyer,Büyükdere Mahallesi",4000,40,0,0,0,0,0,3,1
298,136.0,Kombi,5,Çatı Katı,"Sarıyer,Maslak Mahallesi",10990,5,0,0,0,1,0,2,1
299,165.0,Kombi,4,Ara Kat,"Sarıyer,Huzur Mahallesi",11990,5,0,0,0,1,0,3,1
300,147.0,Kombi,5,Çatı Katı,"Sarıyer,Maslak Mahallesi",13090,5,0,0,0,1,0,2,1
301,130.0,Kombi,20,1. Kat,"Sarıyer,Rumeli Hisarı Mahallesi",2850,4,1,1,0,0,0,3,1
302,80.0,Kombi,17,Çatı Katı,"Sarıyer,Maslak Mahallesi",13000,0,0,0,0,0,0,5,1
303,100.0,Kombi,25,Ara Kat,"Sarıyer,İstinye Mahallesi",2500,15,0,0,0,0,0,2,1
304,90.0,Kombi,5,1. Kat,"Sarıyer,Maden Mahallesi",15000,6,0,0,1,0,1,4,1
305,330.0,Kombi,13,Çatı Katı,"Sarıyer,İstinye Mahallesi",20000,26,0,0,1,0,0,5,1
306,300.0,Kombi,25,Ara Kat,"Sarıyer,Emirgan Mahallesi",16000,12,0,0,0,0,0,4,1
307,120.0,Kombi,25,Ara Kat,"Sarıyer,Kireçburnu Mahallesi",4000,1,1,0,0,1,0,2,1
308,136.0,Kombi,5,Çatı Katı,"Sarıyer,Maslak Mahallesi",11690,5,0,0,0,1,0,2,1
309,140.0,Kombi,20,Ara Kat,"Sarıyer,Tarabya Mahallesi",3650,23,1,1,0,0,0,3,1
310,70.0,Kombi,25,Ara Kat,"Sarıyer,Tarabya Mahallesi",7000,1,0,0,0,0,0,4,1
311,160.0,Kombi,25,Ara Kat,"Sarıyer,Tarabya Mahallesi",3500,1,0,0,0,1,0,2,1
312,400.0,Kombi,7,Ara Kat,"Sarıyer,İstinye Mahallesi",32500,0,0,0,0,0,0,6,1
313,120.0,Kombi,20,Ara Kat,"Sarıyer,Rumeli Hisarı Mahallesi",2500,35,0,0,0,1,0,3,1
314,160.0,Kombi,20,Ara Kat,"Sarıyer,Tarabya Mahallesi",5000,1,0,1,0,1,0,3,1
315,400.0,Kombi,2,Ara Kat,"Sarıyer,Emirgan Mahallesi",16000,12,1,0,1,0,0,5,2
316,120.0,Kombi,25,1. Kat,"Sarıyer,Kireçburnu Mahallesi",3000,1,0,0,0,1,0,2,1
317,111.0,Kombi,4,Çatı Katı,"Sarıyer,Maslak Mahallesi",10390,5,0,0,0,1,0,1,1
318,46.0,Kombi,4,Ara Kat,"Sarıyer,Maslak Mahallesi",5490,3,0,0,0,1,0,1,1
319,330.0,Kombi,10,1. Kat,"Sarıyer,İstinye Mahallesi",20000,10,0,0,1,0,1,5,1
320,160.0,Kombi,25,Ara Kat,"Sarıyer,Tarabya Mahallesi",3100,1,0,1,0,0,0,3,1
321,140.0,Kombi,25,Ara Kat,"Sarıyer,Tarabya Mahallesi",2100,1,0,0,0,0,0,3,1
322,111.0,Kombi,4,Çatı Katı,"Sarıyer,Maslak Mahallesi",10390,5,0,0,0,1,0,1,1
323,80.0,Kombi,25,1. Kat,"Sarıyer,Tarabya Mahallesi",2400,1,0,0,0,0,1,1,1
324,90.0,Kombi,15,Ara Kat,"Sarıyer,Ayazağa Mahallesi",2200,7,0,0,0,1,0,2,1
325,65.0,Kombi,20,Ara Kat,"Sarıyer,Cumhuriyet Mahallesi",1300,1,0,0,0,0,0,1,1
326,190.0,Kombi,5,Ara Kat,"Sarıyer,Tarabya Mahallesi",7000,2,0,0,1,0,0,3,1
327,50.0,Kombi,8,Ara Kat,"Sarıyer,İstinye Mahallesi",16000,2,0,0,0,0,0,4,1
328,120.0,Kombi,25,Bodrum,"Sarıyer,Cumhuriyet Mahallesi",1750,1,0,0,0,0,0,2,1
329,140.0,Kombi,0,Ara Kat,"Sarıyer,Tarabya Mahallesi",6000,1,1,0,0,0,0,2,1
330,90.0,Kombi,8,Ara Kat,"Sarıyer,Tarabya Mahallesi",3600,0,0,0,0,0,0,2,1
331,118.0,Kombi,20,1. Kat,"Sarıyer,Pınar Mahallesi",2900,0,0,0,0,0,0,3,1
332,450.0,Kombi,7,1. Kat,"Sarıyer,İstinye Mahallesi",35000,0,0,0,1,0,1,6,1
333,300.0,Kombi,10,Ara Kat,"Sarıyer,İstinye Mahallesi",25500,22,0,0,1,0,1,3,1
334,100.0,Kombi,15,Ara Kat,"Sarıyer,Tarabya Mahallesi",7000,1,1,0,0,1,0,2,1
335,330.0,Kombi,15,Ara Kat,"Sarıyer,İstinye Mahallesi",20000,21,0,0,0,0,0,5,1
336,315.0,Kombi,10,Çatı Katı,"Sarıyer,İstinye Mahallesi",23000,7,0,0,0,0,0,4,1
337,150.0,Kombi,14,Ara Kat,"Sarıyer,Tarabya Mahallesi",3000,1,0,1,0,0,0,3,1
338,70.0,Kombi,25,Ara Kat,"Sarıyer,Tarabya Mahallesi",7000,1,0,0,0,0,0,4,1
339,150.0,Kombi,25,Ara Kat,"Sarıyer,Tarabya Mahallesi",4000,1,0,1,0,0,0,3,1
340,175.0,Kombi,12,Ara Kat,"Sarıyer,İstinye Mahallesi",15500,2,0,0,0,0,0,3,1
341,330.0,Kombi,5,Çatı Katı,"Sarıyer,İstinye Mahallesi",23000,10,0,0,0,0,0,5,1
342,114.0,Kombi,5,Çatı Katı,"Sarıyer,Maslak Mahallesi",10190,5,0,0,0,1,0,2,1
343,160.0,Kombi,35,Ara Kat,"Sarıyer,Yeniköy Mahallesi",24000,11,1,0,1,0,0,3,1
344,160.0,Kombi,25,Ara Kat,"Sarıyer,Tarabya Mahallesi",3150,1,0,1,0,0,0,3,1
346,80.0,Kombi,11,Ara Kat,"Sarıyer,İstinye Mahallesi",16500,15,0,0,0,0,0,4,1
347,133.51399253731344,Kombi,25,Ara Kat,"Sarıyer,Tarabya Mahallesi",3500,1,0,0,1,0,0,3,1
348,50.0,Kombi,10,Ara Kat,"Sarıyer,Tarabya Mahallesi",19500,7,1,0,0,0,0,4,1
349,330.0,Kombi,13,Çatı Katı,"Sarıyer,İstinye Mahallesi",19000,20,0,0,1,0,0,5,1
350,350.0,Kombi,9,Ara Kat,"Sarıyer,İstinye Mahallesi",23000,10,0,0,0,0,0,5,1
351,133.51399253731344,Kombi,20,Ara Kat,"Sarıyer,Tarabya Mahallesi",16000,2,0,0,0,0,0,4,1
352,150.0,Kombi,14,Ara Kat,"Sarıyer,Tarabya Mahallesi",5000,1,0,1,0,1,0,3,1
353,170.0,Kombi,25,Ara Kat,"Sarıyer,Cumhuriyet Mahallesi",3000,1,0,1,0,0,0,3,1
354,85.0,Kombi,0,Ara Kat,"Sarıyer,Zekeriyaköy Mahallesi",2500,4,0,0,0,0,0,1,1
355,188.0,Kombi,1,Ara Kat,"Sarıyer,Reşitpaşa Mahallesi",9500,12,0,0,1,0,0,3,1
356,55.0,Kombi,5,Ara Kat,"Sarıyer,Zekeriyaköy Mahallesi",3590,5,0,0,0,1,0,1,1
357,196.0,Kombi,0,Ara Kat,"Sarıyer,Emirgan Mahallesi",11500,15,0,0,0,0,0,3,1
358,190.0,Kombi,25,1. Kat,"Sarıyer,Tarabya Mahallesi",3000,1,0,0,0,1,0,3,1
359,104.0,Kombi,5,Çatı Katı,"Sarıyer,Maslak Mahallesi",8990,5,0,0,0,1,0,1,1
360,150.0,Kombi,12,1. Kat,"Sarıyer,İstinye Mahallesi",25990,5,0,0,0,1,0,3,1
361,157.0,Kombi,6,Çatı Katı,"Sarıyer,Zekeriyaköy Mahallesi",7500,3,0,0,1,0,0,2,1
362,60.0,Kombi,25,1. Kat,"Sarıyer,Tarabya Mahallesi",1200,1,1,0,0,0,0,1,1
363,133.51399253731344,Kombi,15,Ara Kat,"Sarıyer,Ferahevler Mahallesi",14900,11,0,0,0,0,0,4,1
364,95.0,Kombi,30,Ara Kat,"Sarıyer,İstinye Mahallesi",2250,26,0,0,0,0,0,1,1
365,104.0,Kombi,5,Çatı Katı,"Sarıyer,Maslak Mahallesi",8990,5,0,0,0,1,0,1,1
366,90.0,Kombi,20,Ara Kat,"Sarıyer,Pınar Mahallesi",1500,2,0,0,0,0,0,2,1
367,136.0,Kombi,5,Çatı Katı,"Sarıyer,Maslak Mahallesi",11690,5,0,0,0,1,0,2,1
368,145.0,Kombi,25,Ara Kat,"Sarıyer,İstinye Mahallesi",3600,0,1,0,1,0,0,3,1
369,90.0,Kombi,0,1. Kat,"Sarıyer,Tarabya Mahallesi",10000,7,0,0,0,0,1,5,2
370,104.0,Kombi,5,Ara Kat,"Sarıyer,Maslak Mahallesi",9690,5,0,0,0,1,0,1,1
371,120.0,Kombi,0,1. Kat,"Sarıyer,Maden Mahallesi",4750,13,0,0,1,0,0,2,1
372,183.0,Kombi,5,Çatı Katı,"Sarıyer,Maslak Mahallesi",12190,5,0,0,0,1,0,2,1
373,180.0,Kombi,20,1. Kat,"Sarıyer,Tarabya Mahallesi",16000,10,0,0,0,1,1,3,1
374,114.0,Kombi,5,Çatı Katı,"Sarıyer,Maslak Mahallesi",11190,5,0,0,0,1,0,2,1
375,144.0,Kombi,5,Çatı Katı,"Sarıyer,Maslak Mahallesi",12490,5,0,0,0,1,0,2,1
376,150.0,Kombi,15,Ara Kat,"Sarıyer,Ferahevler Mahallesi",4250,1,0,0,0,0,0,3,1
377,400.0,Kombi,25,Ara Kat,"Sarıyer,Emirgan Mahallesi",16000,12,1,0,1,0,0,4,2
378,133.51399253731344,Kombi,7,Ara Kat,"Sarıyer,İstinye Mahallesi",14000,0,0,0,0,0,0,3,1
379,136.0,Kombi,5,Çatı Katı,"Sarıyer,Maslak Mahallesi",8590,5,0,0,0,1,0,2,1
380,50.0,Kombi,10,Ara Kat,"Sarıyer,Tarabya Mahallesi",19500,7,0,0,1,0,0,4,1
382,65.0,Kombi,8,Ara Kat,"Sarıyer,Ayazağa Mahallesi",1600,5,0,0,0,0,0,1,1
383,136.0,Kombi,5,Çatı Katı,"Sarıyer,Maslak Mahallesi",11690,5,0,0,0,1,0,2,1
384,130.0,Kombi,20,1. Kat,"Sarıyer,Tarabya Mahallesi",3000,1,0,1,0,0,1,2,1
385,120.0,Kombi,25,1. Kat,"Sarıyer,Kireçburnu Mahallesi",3000,1,0,0,0,1,0,2,1
386,56.0,Kombi,5,Ara Kat,"Sarıyer,Maslak Mahallesi",8990,5,0,0,0,1,0,1,1
387,140.0,Kombi,20,Ara Kat,"Sarıyer,Tarabya Mahallesi",3000,1,0,0,0,0,0,2,1
388,80.0,Kombi,25,Ara Kat,"Sarıyer,Cumhuriyet Mahallesi",1500,1,0,1,0,0,0,2,1
389,165.0,Kombi,6,Çatı Katı,"Sarıyer,Maslak Mahallesi",15390,5,0,0,0,1,0,2,1
390,105.0,Kombi,4,Çatı Katı,"Sarıyer,Maslak Mahallesi",8390,5,0,0,0,1,0,1,1
391,300.0,Kombi,18,1. Kat,"Sarıyer,Yeniköy Mahallesi",11500,1,0,0,0,0,0,5,1
392,110.0,Kombi,18,1. Kat,"Sarıyer,Yeniköy Mahallesi",2750,1,1,0,0,0,0,2,1
394,150.0,Kombi,25,1. Kat,"Sarıyer,Tarabya Mahallesi",3000,1,0,1,0,0,0,3,1
395,160.0,Kombi,7,Ara Kat,"Sarıyer,Ferahevler Mahallesi",6750,5,0,0,1,0,0,3,1
396,105.0,Kombi,5,Çatı Katı,"Sarıyer,Maslak Mahallesi",9490,5,0,0,0,1,0,1,1
397,150.0,Kombi,25,1. Kat,"Sarıyer,Tarabya Mahallesi",2500,1,0,0,0,0,1,3,1
398,100.0,Kombi,18,1. Kat,"Sarıyer,Yeniköy Mahallesi",2750,1,1,0,0,0,0,2,1
399,150.0,Kombi,25,Ara Kat,"Sarıyer,Tarabya Mahallesi",6000,1,0,0,0,0,0,2,1
400,183.0,Kombi,4,Çatı Katı,"Sarıyer,Maslak Mahallesi",8990,5,0,0,0,1,0,1,1
401,180.0,Kombi,6,1. Kat,"Sarıyer,Zekeriyaköy Mahallesi",9750,4,0,0,1,0,1,3,1
402,111.0,Kombi,5,Çatı Katı,"Sarıyer,Maslak Mahallesi",8690,5,0,0,0,1,0,1,1
403,133.51399253731344,Kombi,30,Çatı Katı,"Sarıyer,Yeniköy Mahallesi",8500,2,0,0,1,0,0,4,1
404,75.0,Kombi,30,Ara Kat,"Sarıyer,Tarabya Mahallesi",7000,10,1,0,1,0,0,3,2
405,165.0,Kombi,30,Ara Kat,"Sarıyer,Tarabya Mahallesi",12000,22,0,0,1,0,0,3,1
406,110.0,Kombi,20,Bodrum,"Sarıyer,Darüşşafaka Mahallesi",3500,13,0,0,0,0,0,2,1
407,300.0,Kombi,25,Ara Kat,"Sarıyer,Emirgan Mahallesi",16000,12,0,0,1,0,0,3,1
408,60.0,Kombi,2,1. Kat,"Sarıyer,Maden Mahallesi",12000,9,0,0,1,0,1,4,1
409,133.51399253731344,Kombi,0,Ara Kat,"Sarıyer,Yeniköy Mahallesi",9000,13,0,0,0,0,0,4,1
411,140.0,Kombi,4,1. Kat,"Sarıyer,Maslak Mahallesi",9190,5,0,0,0,1,0,3,1
412,85.0,Kombi,25,Ara Kat,"Sarıyer,Cumhuriyet Mahallesi",1800,1,0,1,0,0,0,2,1
413,50.0,Kombi,20,Ara Kat,"Sarıyer,Emirgan Mahallesi",28000,0,1,0,0,0,1,4,1
414,104.0,Kombi,5,Çatı Katı,"Sarıyer,Maslak Mahallesi",8990,5,0,0,0,1,0,1,1
415,133.51399253731344,Kombi,0,Çatı Katı,"Sarıyer,Reşitpaşa Mahallesi",9500,15,0,0,0,0,0,3,1
416,160.0,Kombi,35,1. Kat,"Sarıyer,Yeniköy Mahallesi",24000,22,1,0,1,0,0,3,1
417,330.0,Kombi,10,Çatı Katı,"Sarıyer,İstinye Mahallesi",19000,29,0,0,1,0,0,5,1
418,104.0,Kombi,5,Çatı Katı,"Sarıyer,Maslak Mahallesi",8990,5,0,0,0,1,0,1,1
419,75.0,Kombi,25,Ara Kat,"Sarıyer,Reşitpaşa Mahallesi",1800,11,0,0,0,0,0,2,1
420,330.0,Kombi,12,Çatı Katı,"Sarıyer,İstinye Mahallesi",19500,3,0,0,0,0,0,5,1
421,133.51399253731344,Kombi,11,Ara Kat,"Sarıyer,Pınar Mahallesi",16000,0,0,0,0,0,0,3,1
422,165.0,Kombi,6,Çatı Katı,"Sarıyer,Maslak Mahallesi",14990,5,0,0,0,1,0,2,1
423,105.0,Kombi,5,Çatı Katı,"Sarıyer,Maslak Mahallesi",8390,5,0,0,0,1,0,1,1
424,130.0,Kombi,21,1. Kat,"Sarıyer,Baltalimanı Mahallesi",1900,10,0,0,0,0,0,2,1
425,110.0,Kombi,20,1. Kat,"Sarıyer,Kireçburnu Mahallesi",3000,1,1,0,0,1,0,2,1
426,65.0,Kombi,3,1. Kat,"Sarıyer,Zekeriyaköy Mahallesi",2400,26,0,0,0,0,0,1,1
427,50.0,Kombi,35,1. Kat,"Sarıyer,Rumeli Hisarı Mahallesi",9600,19,0,0,0,0,0,4,1
428,104.0,Kombi,4,Çatı Katı,"Sarıyer,Maslak Mahallesi",8990,5,0,0,0,1,0,1,1
429,80.0,Kombi,25,Ara Kat,"Sarıyer,Emirgan Mahallesi",16000,12,1,0,0,0,0,4,1
430,104.0,Kombi,5,Çatı Katı,"Sarıyer,Maslak Mahallesi",8390,5,0,0,0,1,0,1,1
431,90.0,Kombi,9,Ara Kat,"Sarıyer,Pınar Mahallesi",22500,0,0,0,1,0,0,4,1
432,109.0,Kombi,3,Ara Kat,"Sarıyer,Huzur Mahallesi",5790,5,0,0,0,1,0,1,1
433,195.0,Kombi,30,1. Kat,"Sarıyer,Tarabya Mahallesi",16000,13,1,0,0,0,1,3,1
434,80.0,Kombi,18,Ara Kat,"Sarıyer,İstinye Mahallesi",12000,0,0,0,1,0,0,5,2
435,96.0,Kombi,5,Ara Kat,"Sarıyer,İstinye Mahallesi",7000,0,0,0,0,0,0,1,1
436,70.0,Kombi,5,1. Kat,"Sarıyer,Ferahevler Mahallesi",10000,14,0,0,1,0,1,5,2
437,600.0,Kombi,10,1. Kat,"Sarıyer,Emirgan Mahallesi",35000,12,0,0,1,0,1,5,2
438,75.0,Kombi,30,Ara Kat,"Sarıyer,Tarabya Mahallesi",7000,10,1,0,0,0,0,3,2
439,110.0,Kombi,7,Ara Kat,"Sarıyer,Rumeli Hisarı Mahallesi",23500,12,1,0,0,1,0,4,1
440,165.0,Kombi,6,Çatı Katı,"Sarıyer,Maslak Mahallesi",13590,5,0,0,0,1,0,2,1
441,190.0,Kombi,5,Çatı Katı,"Sarıyer,Tarabya Mahallesi",7000,44,0,0,1,0,0,3,1
442,75.0,Kombi,6,Çatı Katı,"Sarıyer,Maslak Mahallesi",9190,5,0,0,0,1,0,1,1
443,40.0,Kombi,4,1. Kat,"Sarıyer,Maslak Mahallesi",4390,5,0,0,0,1,0,1,1
444,120.0,Kombi,25,1. Kat,"Sarıyer,Tarabya Mahallesi",2000,1,0,0,0,0,0,3,1
445,150.0,Kombi,20,Ara Kat,"Sarıyer,Tarabya Mahallesi",4000,1,0,1,0,0,0,3,1
446,150.0,Kombi,20,Ara Kat,"Sarıyer,İstinye Mahallesi",3150,0,0,0,0,0,0,3,1
447,300.0,Kombi,24,Ara Kat,"Sarıyer,Tarabya Mahallesi",9000,26,0,0,0,0,1,4,1
448,330.0,Kombi,13,Çatı Katı,"Sarıyer,İstinye Mahallesi",20000,14,0,0,1,0,0,5,1
449,110.0,Kombi,14,Ara Kat,"Sarıyer,Maslak Mahallesi",7790,5,0,0,0,1,0,2,1
450,130.0,Kombi,20,Ara Kat,"Sarıyer,Tarabya Mahallesi",4000,20,0,0,0,0,0,3,1
451,330.0,Kombi,9,Ara Kat,"Sarıyer,İstinye Mahallesi",21000,15,0,0,1,0,0,5,1
452,90.0,Kombi,10,Ara Kat,"Sarıyer,Ayazağa Mahallesi",2200,18,0,0,0,1,0,2,1
453,80.0,Kombi,13,Ara Kat,"Sarıyer,Tarabya Mahallesi",19500,29,0,0,0,0,0,4,1
454,60.0,Kombi,30,Ara Kat,"Sarıyer,Rumeli Hisarı Mahallesi",2800,5,1,0,0,0,0,1,1
455,90.0,Kombi,30,1. Kat,"Sarıyer,Yeniköy Mahallesi",3500,26,0,0,0,1,0,2,1
456,90.0,Kombi,8,Ara Kat,"Sarıyer,Tarabya Mahallesi",3600,0,0,0,0,0,0,2,1
457,75.0,Kombi,23,1. Kat,"Sarıyer,Tarabya Mahallesi",2000,13,0,0,0,1,1,1,1
458,40.0,Kombi,10,1. Kat,"Sarıyer,Tarabya Mahallesi",25000,21,0,0,1,0,1,4,1
459,160.0,Kombi,8,Ara Kat,"Sarıyer,Tarabya Mahallesi",6900,0,0,0,0,0,0,3,1
460,70.0,Kombi,14,1. Kat,"Sarıyer,Tarabya Mahallesi",2000,1,0,0,0,1,0,1,1
461,110.0,Kombi,20,Ara Kat,"Sarıyer,Tarabya Mahallesi",2300,23,0,0,0,0,0,2,1
462,450.0,Kombi,11,Çatı Katı,"Sarıyer,Tarabya Mahallesi",15000,15,0,0,1,1,0,4,2
463,130.0,Kombi,25,Ara Kat,"Sarıyer,Tarabya Mahallesi",3000,1,0,1,0,0,0,2,1
464,50.0,Kombi,0,Çatı Katı,"Sarıyer,Tarabya Mahallesi",15000,22,0,0,1,0,0,4,1
465,75.0,Kombi,20,Çatı Katı,"Sarıyer,Cumhuriyet Mahallesi",1600,1,0,0,0,0,0,2,1
466,80.0,Kombi,4,1. Kat,"Sarıyer,İstinye Mahallesi",20000,28,0,0,1,0,1,4,1
467,100.0,Kombi,20,Ara Kat,"Sarıyer,Cumhuriyet Mahallesi",2500,10,0,0,0,0,0,2,1
468,80.0,Kombi,35,Ara Kat,"Sarıyer,Emirgan Mahallesi",5750,10,0,0,0,0,0,1,1
469,194.0,Kombi,10,Ara Kat,"Sarıyer,İstinye Mahallesi",20000,2,0,0,0,1,0,3,1
470,300.0,Kombi,10,Ara Kat,"Sarıyer,İstinye Mahallesi",20000,16,0,0,1,0,0,5,1
471,190.0,Kombi,4,Çatı Katı,"Sarıyer,Maden Mahallesi",5000,6,0,0,1,0,0,4,1
472,160.0,Kombi,0,Ara Kat,"Sarıyer,Emirgan Mahallesi",9500,7,0,0,0,0,0,3,1
473,80.0,Kombi,30,Ara Kat,"Sarıyer,Tarabya Mahallesi",9000,7,1,0,0,0,0,4,1
474,100.0,Kombi,20,1. Kat,"Sarıyer,Cumhuriyet Mahallesi",1750,1,0,1,0,0,0,2,1
475,120.0,Kombi,25,Ara Kat,"Sarıyer,Tarabya Mahallesi",2200,1,0,1,0,0,0,3,1
476,35.0,Kombi,15,Ara Kat,"Sarıyer,Yeniköy Mahallesi",9000,17,1,0,1,0,0,4,1
477,100.0,Kombi,20,Çatı Katı,"Sarıyer,İstinye Mahallesi",2250,0,0,0,0,0,0,2,1
478,140.0,Kombi,50,1. Kat,"Sarıyer,Rumeli Hisarı Mahallesi",5500,0,1,0,0,0,0,4,1
479,80.0,Kombi,15,1. Kat,"Sarıyer,Cumhuriyet Mahallesi",2000,1,0,0,0,1,1,1,1
480,78.0,Kombi,5,Çatı Katı,"Sarıyer,Maslak Mahallesi",9490,5,0,0,0,1,0,1,1
481,84.0,Kombi,15,Ara Kat,"Sarıyer,Zekeriyaköy Mahallesi",3200,18,0,0,0,1,0,2,1
482,190.0,Kombi,1,Bodrum,"Sarıyer,Maden Mahallesi",11000,4,1,0,0,0,0,3,1
484,55.0,Kombi,10,Çatı Katı,"Sarıyer,Maslak Mahallesi",11000,0,0,0,0,0,0,4,1
485,40.0,Kombi,3,Ara Kat,"Sarıyer,Huzur Mahallesi",3990,5,0,0,0,1,0,1,1
486,150.0,Kombi,20,Ara Kat,"Sarıyer,Pınar Mahallesi",3150,0,0,0,1,0,0,3,1
487,150.0,Kombi,5,Çatı Katı,"Sarıyer,Maden Mahallesi",9250,4,1,0,1,0,0,2,1
488,300.0,Kombi,30,Ara Kat,"Sarıyer,Emirgan Mahallesi",19000,0,1,0,1,0,0,4,2
489,450.0,Kombi,20,Ara Kat,"Sarıyer,Emirgan Mahallesi",16500,7,0,0,0,0,0,5,1
490,50.0,Kombi,14,Ara Kat,"Sarıyer,Maslak Mahallesi",6390,5,0,0,0,1,0,1,1
491,300.0,Kombi,25,Ara Kat,"Sarıyer,Emirgan Mahallesi",16000,7,0,0,0,0,0,3,1
492,400.0,Kombi,10,Ara Kat,"Sarıyer,Tarabya Mahallesi",15000,0,1,0,1,0,0,4,2
493,110.0,Kombi,25,1. Kat,"Sarıyer,Rumeli Hisarı Mahallesi",2800,1,1,0,0,0,0,2,1
494,85.0,Kombi,11,1. Kat,"Sarıyer,İstinye Mahallesi",2000,4,0,0,0,0,1,1,1
495,150.0,Kombi,25,Ara Kat,"Sarıyer,Yeniköy Mahallesi",23000,12,1,0,1,0,0,3,1
496,80.0,Kombi,30,Ara Kat,"Sarıyer,Emirgan Mahallesi",5750,10,0,0,0,0,0,1,1
497,120.0,Kombi,25,Ara Kat,"Sarıyer,Rumeli Hisarı Mahallesi",2850,30,0,0,0,0,0,2,1
498,140.0,Kombi,25,1. Kat,"Sarıyer,Tarabya Mahallesi",4000,0,0,1,0,0,0,3,1
499,70.0,Kombi,20,1. Kat,"Sarıyer,Büyükdere Mahallesi",2100,0,0,0,0,0,1,2,1
500,133.51399253731344,Kombi,15,1. Kat,"Sarıyer,Tarabya Mahallesi",10000,0,1,0,1,0,1,4,1
501,176.0,Kombi,1,Çatı Katı,"Sarıyer,Maden Mahallesi",5000,17,1,0,1,0,0,3,1
502,180.0,Kombi,1,Bodrum,"Sarıyer,Maden Mahallesi",9500,4,1,0,1,0,0,3,1
503,330.0,Kombi,8,1. Kat,"Sarıyer,İstinye Mahallesi",44000,15,0,0,1,0,1,5,1
504,85.0,Kombi,0,Ara Kat,"Sarıyer,Zekeriyaköy Mahallesi",2500,4,0,0,0,0,0,1,1
505,315.0,Kombi,7,Çatı Katı,"Sarıyer,İstinye Mahallesi",23000,18,0,0,1,0,0,5,1
506,100.0,Kombi,1,1. Kat,"Sarıyer,Ayazağa Mahallesi",1550,8,0,0,0,0,0,2,1
507,175.0,Kombi,1,1. Kat,"Sarıyer,Maden Mahallesi",8750,4,0,0,1,0,1,2,1
508,133.51399253731344,Kombi,5,Çatı Katı,"Sarıyer,Kumköy Mahallesi",3500,3,0,0,1,1,0,3,1
509,70.0,Kombi,20,1. Kat,"Sarıyer,Tarabya Mahallesi",1750,17,0,0,0,0,1,2,1
510,45.0,Kombi,0,1. Kat,"Sarıyer,Zekeriyaköy Mahallesi",2990,5,0,0,0,1,0,1,1
511,150.0,Kombi,0,Ara Kat,"Sarıyer,Emirgan Mahallesi",9500,7,0,0,0,0,0,3,1
512,145.0,Kombi,20,Ara Kat,"Sarıyer,Ferahevler Mahallesi",3000,0,0,0,0,0,0,3,1
513,80.0,Kombi,2,Çatı Katı,"Sarıyer,Maden Mahallesi",7500,20,0,0,1,0,0,4,1
514,120.0,Kombi,10,Ara Kat,"Sarıyer,Tarabya Mahallesi",6500,0,1,0,0,1,0,2,1
515,185.0,Kombi,3,1. Kat,"Sarıyer,Zekeriyaköy Mahallesi",4500,8,0,0,0,0,1,3,1
516,65.0,Kombi,3,Ara Kat,"Sarıyer,Zekeriyaköy Mahallesi",2500,26,0,0,0,0,0,1,1
517,95.0,Kombi,5,Ara Kat,"Sarıyer,Zekeriyaköy Mahallesi",4800,6,0,0,0,1,0,2,1
518,150.0,Kombi,40,Ara Kat,"Sarıyer,Rumeli Hisarı Mahallesi",7000,12,0,0,1,0,0,3,1
519,33.0,Kombi,10,1. Kat,"Sarıyer,Uskumruköy Mahallesi",12000,7,0,0,1,1,1,3,1
520,145.0,Kombi,20,Ara Kat,"Sarıyer,Tarabya Mahallesi",5500,0,0,0,0,1,0,3,1
521,140.0,Kombi,25,1. Kat,"Sarıyer,Kireçburnu Mahallesi",3000,0,0,0,0,0,0,3,1
522,40.0,Kombi,25,Ara Kat,"Sarıyer,Kireçburnu Mahallesi",1600,1,1,0,0,1,0,1,0
523,150.0,Kombi,11,1. Kat,"Sarıyer,Tarabya Mahallesi",3000,14,0,0,0,1,0,3,1
524,80.0,Kombi,0,1. Kat,"Sarıyer,Maden Mahallesi",12000,1,0,0,1,0,1,4,1
525,100.0,Kombi,15,Ara Kat,"Sarıyer,Tarabya Mahallesi",1600,11,0,0,0,1,0,3,1
526,135.0,Kombi,25,Ara Kat,"Sarıyer,Cumhuriyet Mahallesi",1600,1,0,0,0,0,0,3,1
527,80.0,Kombi,30,1. Kat,"Sarıyer,Rumeli Hisarı Mahallesi",4000,5,1,0,0,1,0,2,1
528,150.0,Kombi,0,Ara Kat,"Sarıyer,Maden Mahallesi",6500,13,0,0,1,0,0,3,1
529,190.0,Kombi,30,Ara Kat,"Sarıyer,Ferahevler Mahallesi",3000,0,0,0,0,0,1,4,1
530,70.0,Kombi,23,Ara Kat,"Sarıyer,Reşitpaşa Mahallesi",1900,9,0,0,0,0,0,2,1
531,140.0,Kombi,10,Ara Kat,"Sarıyer,Maden Mahallesi",5000,0,1,0,0,1,0,3,1
532,44.0,Kombi,0,Ara Kat,"Sarıyer,Maden Mahallesi",2300,15,0,0,0,0,0,1,1
533,130.0,Kombi,25,Ara Kat,"Sarıyer,Rumeli Hisarı Mahallesi",3500,0,1,1,0,0,0,3,1
534,120.0,Kombi,25,Ara Kat,"Sarıyer,Tarabya Mahallesi",4000,0,0,1,0,0,0,3,1
535,160.0,Kombi,5,Çatı Katı,"Sarıyer,Ferahevler Mahallesi",6900,15,0,0,1,1,0,3,1
537,70.0,Kombi,30,1. Kat,"Sarıyer,Tarabya Mahallesi",2300,5,0,0,0,0,1,1,1
538,50.0,Kombi,25,1. Kat,"Sarıyer,Kireçburnu Mahallesi",1550,11,0,0,0,1,0,1,1
539,88.0,Kombi,10,Ara Kat,"Sarıyer,Pınar Mahallesi",25000,21,0,0,1,0,0,4,1
540,330.0,Kombi,20,Ara Kat,"Sarıyer,Kumköy Mahallesi",6000,23,0,0,0,0,0,6,1
541,50.0,Kombi,15,1. Kat,"Sarıyer,Tarabya Mahallesi",9000,1,0,0,0,0,1,4,1
542,90.0,Kombi,25,Ara Kat,"Sarıyer,Zekeriyaköy Mahallesi",4000,6,0,0,0,0,0,2,1
543,300.0,Kombi,4,Ara Kat,"Sarıyer,Maden Mahallesi",12000,29,0,0,1,0,1,5,1
544,90.0,Kombi,20,Ara Kat,"Sarıyer,Merkez Mahallesi",2250,45,0,0,0,0,0,3,0
545,160.0,Kombi,25,Ara Kat,"Sarıyer,Tarabya Mahallesi",4000,1,0,0,0,0,0,3,1
546,400.0,Kombi,10,Ara Kat,"Sarıyer,Tarabya Mahallesi",18000,0,1,0,1,1,0,4,2
547,75.0,Kombi,8,Ara Kat,"Sarıyer,İstinye Mahallesi",36600,51,0,0,1,0,0,4,1
548,140.0,Kombi,21,Ara Kat,"Sarıyer,Tarabya Mahallesi",3500,0,0,0,0,0,0,3,1
549,315.0,Kombi,9,Çatı Katı,"Sarıyer,İstinye Mahallesi",19000,22,0,0,1,0,0,5,1
550,40.0,Kombi,20,1. Kat,"Sarıyer,Tarabya Mahallesi",35000,9,0,0,0,0,0,4,1
551,100.0,Kombi,25,Ara Kat,"Sarıyer,Pınar Mahallesi",2200,42,0,0,0,0,0,2,1
552,80.0,Kombi,25,1. Kat,"Sarıyer,Kireçburnu Mahallesi",3100,11,1,0,0,1,0,2,1
553,180.0,Kombi,15,1. Kat,"Sarıyer,Darüşşafaka Mahallesi",4750,9,0,0,0,0,0,4,1
554,75.0,Kombi,0,Ara Kat,"Sarıyer,Huzur Mahallesi",2100,7,0,1,0,1,0,1,1
555,110.0,Kombi,20,Bodrum,"Sarıyer,Darüşşafaka Mahallesi",3750,20,0,0,0,1,0,2,1
556,320.0,Kombi,10,1. Kat,"Sarıyer,İstinye Mahallesi",27500,0,0,0,1,0,1,5,1
557,165.0,Kombi,10,Ara Kat,"Sarıyer,Yeniköy Mahallesi",23000,17,1,0,1,0,0,3,1
558,60.0,Kombi,15,Bodrum,"Sarıyer,Kireçburnu Mahallesi",2000,1,0,0,0,1,0,1,1
559,350.0,Kombi,7,Ara Kat,"Sarıyer,Maden Mahallesi",7000,25,0,0,1,0,0,5,1
560,65.0,Kombi,29,1. Kat,"Sarıyer,Emirgan Mahallesi",1500,0,0,0,0,0,1,1,1
561,125.0,Kombi,29,Ara Kat,"Sarıyer,Emirgan Mahallesi",5000,0,0,0,0,0,0,3,1
562,85.0,Kombi,18,1. Kat,"Sarıyer,Büyükdere Mahallesi",1950,20,0,0,0,1,0,2,1
563,120.0,Kombi,30,Ara Kat,"Sarıyer,Merkez Mahallesi",7500,3,1,0,0,0,0,2,1
564,90.0,Kombi,21,1. Kat,"Sarıyer,Yeniköy Mahallesi",2200,8,0,0,0,0,1,2,1
565,300.0,Kombi,3,1. Kat,"Sarıyer,Ferahevler Mahallesi",10000,0,0,0,1,0,1,5,2
566,140.0,Kombi,25,1. Kat,"Sarıyer,Kireçburnu Mahallesi",2950,0,0,0,0,0,1,3,1
567,60.0,Kombi,20,1. Kat,"Sarıyer,Büyükdere Mahallesi",1200,4,0,0,0,0,1,1,1
568,135.0,Kombi,40,Ara Kat,"Sarıyer,Merkez Mahallesi",5750,6,1,0,0,0,0,3,1
569,133.51399253731344,Kombi,16,Çatı Katı,"Sarıyer,Yeniköy Mahallesi",25000,0,1,0,1,0,0,3,1
570,330.0,Kombi,16,Çatı Katı,"Sarıyer,İstinye Mahallesi",19000,0,0,0,1,0,0,5,1
571,65.0,Kombi,3,1. Kat,"Sarıyer,Zekeriyaköy Mahallesi",2400,3,0,0,0,0,0,1,1
572,110.0,Kombi,30,Ara Kat,"Sarıyer,Rumeli Hisarı Mahallesi",3250,42,1,0,0,0,0,2,1
573,70.0,Kombi,25,Ara Kat,"Sarıyer,Merkez Mahallesi",2200,13,0,0,0,1,0,1,1
574,130.0,Kombi,25,Bodrum,"Sarıyer,Tarabya Mahallesi",2500,0,0,0,0,0,0,3,1
575,90.0,Kombi,25,Bodrum,"Sarıyer,Reşitpaşa Mahallesi",1800,26,0,0,0,0,0,2,1
576,370.0,Kombi,9,1. Kat,"Sarıyer,İstinye Mahallesi",35500,15,0,0,0,0,1,5,1
577,80.0,Kombi,5,1. Kat,"Sarıyer,Tarabya Mahallesi",10000,0,0,0,1,0,1,5,2
578,133.51399253731344,Kombi,25,Ara Kat,"Sarıyer,Yeniköy Mahallesi",8500,28,0,0,1,0,0,4,1
579,388.0,Kombi,11,1. Kat,"Sarıyer,Pınar Mahallesi",35000,0,0,0,1,0,1,6,1
580,175.0,Kombi,35,Ara Kat,"Sarıyer,Emirgan Mahallesi",11000,0,0,0,0,0,0,3,1
581,194.0,Kombi,11,Ara Kat,"Sarıyer,Pınar Mahallesi",21000,0,0,0,0,1,0,3,1
582,110.0,Kombi,30,Ara Kat,"Sarıyer,Yeniköy Mahallesi",3250,16,1,0,0,0,0,2,1
583,75.0,Kombi,5,Çatı Katı,"Sarıyer,Poligon Mahallesi",16000,0,0,0,1,0,1,4,1
584,110.0,Kombi,26,Ara Kat,"Sarıyer,Tarabya Mahallesi",2500,0,0,0,0,0,0,3,1
585,80.0,Kombi,8,Ara Kat,"Sarıyer,Poligon Mahallesi",16000,13,0,0,1,0,0,4,1
586,14.0,Kombi,10,Ara Kat,"Sarıyer,Zekeriyaköy Mahallesi",5100,58,0,0,1,0,0,5,1
587,70.0,Kombi,20,1. Kat,"Sarıyer,Tarabya Mahallesi",1500,6,0,0,0,0,0,1,1
588,80.0,Kombi,20,Ara Kat,"Sarıyer,Tarabya Mahallesi",2000,0,0,0,0,1,0,1,1
589,316.0,Kombi,15,Çatı Katı,"Sarıyer,İstinye Mahallesi",18000,0,0,0,1,0,0,5,1
590,70.0,Kombi,25,1. Kat,"Sarıyer,Kireçburnu Mahallesi",2800,0,0,0,0,1,0,1,1
592,10.0,Kombi,15,Çatı Katı,"Sarıyer,Yeniköy Mahallesi",25000,5,1,0,1,0,0,3,1
593,75.0,Kombi,7,Çatı Katı,"Sarıyer,Poligon Mahallesi",16000,0,0,0,0,0,1,4,1
594,80.0,Kombi,25,1. Kat,"Sarıyer,Yeniköy Mahallesi",2500,13,1,0,0,0,1,2,1
595,150.0,Kombi,30,Ara Kat,"Sarıyer,İstinye Mahallesi",8500,21,1,0,0,0,0,3,1
596,100.0,Kombi,23,Ara Kat,"Sarıyer,Fatih Sultan Mehmet Mahallesi",1800,0,0,0,0,0,0,2,1
597,175.0,Kombi,30,Ara Kat,"Sarıyer,Tarabya Mahallesi",15000,0,0,0,0,0,0,3,1
598,75.0,Kombi,29,1. Kat,"Sarıyer,Emirgan Mahallesi",3000,0,0,0,0,1,1,1,1
599,120.0,Kombi,26,1. Kat,"Sarıyer,Fatih Sultan Mehmet Mahallesi",1700,0,0,0,0,0,0,3,1
600,125.0,Kombi,18,Ara Kat,"Sarıyer,Ferahevler Mahallesi",3300,12,0,0,0,0,0,3,1
601,115.0,Kombi,26,Bodrum,"Sarıyer,Rumeli Hisarı Mahallesi",2600,0,1,0,0,0,0,3,1
602,50.0,Kombi,15,Ara Kat,"Sarıyer,İstinye Mahallesi",19000,0,0,0,0,0,0,4,1
603,50.0,Kombi,15,Ara Kat,"Sarıyer,İstinye Mahallesi",19000,0,0,0,0,0,0,4,1
604,95.0,Kombi,30,Ara Kat,"Sarıyer,Kumköy Mahallesi",1900,20,0,0,0,0,0,2,1
605,95.0,Kombi,5,Ara Kat,"Sarıyer,Zekeriyaköy Mahallesi",3500,13,0,0,0,0,1,1,1
606,190.0,Kombi,25,1. Kat,"Sarıyer,Ferahevler Mahallesi",3000,0,0,0,0,0,0,4,4
607,130.0,Kombi,0,1. Kat,"Sarıyer,Maden Mahallesi",4500,29,0,0,0,0,1,3,1
608,125.0,Kombi,21,Ara Kat,"Sarıyer,Poligon Mahallesi",2500,19,0,0,0,0,0,2,1
609,125.0,Kombi,26,Bodrum,"Sarıyer,Rumeli Hisarı Mahallesi",3500,0,0,0,0,0,0,3,1
610,50.0,Kombi,20,Ara Kat,"Sarıyer,Merkez Mahallesi",1250,20,0,0,0,0,0,1,0
611,133.51399253731344,Kombi,40,Ara Kat,"Sarıyer,Emirgan Mahallesi",9500,0,0,0,1,0,0,5,1
612,170.0,Kombi,10,Bodrum,"Sarıyer,Darüşşafaka Mahallesi",8250,13,0,0,0,0,0,3,1
613,70.0,Kombi,25,Bodrum,"Sarıyer,Yeniköy Mahallesi",2000,2,1,0,0,0,0,1,1
614,145.0,Kombi,4,Ara Kat,"Sarıyer,Zekeriyaköy Mahallesi",3800,29,0,0,0,1,0,2,1
615,10.0,Kombi,12,Ara Kat,"Sarıyer,İstinye Mahallesi",15000,1,0,0,0,0,0,3,1
617,75.0,Kombi,12,Ara Kat,"Sarıyer,Ferahevler Mahallesi",1800,1,0,0,0,1,0,1,1
618,65.0,Kombi,29,1. Kat,"Sarıyer,Emirgan Mahallesi",1500,0,0,0,0,0,1,1,1
619,190.0,Kombi,16,Ara Kat,"Sarıyer,Zekeriyaköy Mahallesi",5500,8,0,0,0,1,0,4,1
620,100.0,Kombi,25,1. Kat,"Sarıyer,Yeniköy Mahallesi",4200,2,1,0,0,1,0,2,1
621,105.0,Kombi,26,Çatı Katı,"Sarıyer,Rumeli Hisarı Mahallesi",2500,0,1,0,1,0,0,2,1
622,60.0,Kombi,25,Ara Kat,"Sarıyer,Rumeli Hisarı Mahallesi",10000,25,0,0,0,0,0,4,1
623,135.0,Kombi,15,Ara Kat,"Sarıyer,Rumeli Hisarı Mahallesi",2750,14,0,0,0,0,0,2,1
624,110.0,Kombi,42,Ara Kat,"Sarıyer,Tarabya Mahallesi",3000,13,0,0,0,0,0,2,1
625,150.0,Kombi,15,Ara Kat,"Sarıyer,Rumeli Hisarı Mahallesi",3750,6,1,0,0,0,0,2,1
627,90.0,Kombi,25,Ara Kat,"Sarıyer,Rumeli Hisarı Mahallesi",2500,40,0,0,0,0,0,2,1
628,170.0,Kombi,25,Ara Kat,"Sarıyer,Rumeli Hisarı Mahallesi",6000,13,1,0,0,0,0,4,1
629,300.0,Kombi,18,Ara Kat,"Sarıyer,Tarabya Mahallesi",19500,15,0,0,1,0,0,4,1
630,85.0,Kombi,23,1. Kat,"Sarıyer,Fatih Sultan Mehmet Mahallesi",1350,0,0,0,1,0,0,2,1
631,110.0,Kombi,30,Ara Kat,"Sarıyer,Rumeli Hisarı Mahallesi",7500,5,0,0,0,1,0,3,1
632,60.0,Kombi,29,1. Kat,"Sarıyer,Emirgan Mahallesi",1500,0,0,0,0,0,1,1,1
633,80.0,Kombi,25,Ara Kat,"Sarıyer,Yeniköy Mahallesi",4000,3,0,0,0,1,0,2,1
634,88.0,Kombi,11,Çatı Katı,"Sarıyer,İstinye Mahallesi",14500,0,0,0,0,0,0,5,1
635,68.0,Kombi,23,1. Kat,"Sarıyer,Poligon Mahallesi",1100,16,0,0,0,0,1,1,1
636,150.0,Kombi,7,Ara Kat,"Sarıyer,Zekeriyaköy Mahallesi",4000,1,0,0,0,0,0,3,1
637,50.0,Kombi,5,Ara Kat,"Sarıyer,Tarabya Mahallesi",7800,1,0,0,1,0,0,4,1
638,55.0,Kombi,25,1. Kat,"Sarıyer,Yeniköy Mahallesi",2300,2,0,0,0,0,0,1,1
639,75.0,Kombi,40,1. Kat,"Sarıyer,Yeniköy Mahallesi",2000,50,0,0,0,0,0,1,1
640,80.0,Kombi,1,Ara Kat,"Sarıyer,Tarabya Mahallesi",4250,1,0,0,0,0,0,2,1
641,150.0,Kombi,20,Ara Kat,"Sarıyer,Yeniköy Mahallesi",25000,20,0,0,1,0,0,3,1
642,100.0,Kombi,25,Ara Kat,"Sarıyer,Rumeli Hisarı Mahallesi",2800,30,0,0,0,0,0,2,1
643,310.0,Kombi,15,Ara Kat,"Sarıyer,Tarabya Mahallesi",29000,1,0,0,0,0,0,4,1
644,110.0,Kombi,25,Ara Kat,"Sarıyer,Rumeli Hisarı Mahallesi",3300,7,0,0,0,0,0,2,1
646,100.0,Kombi,25,Ara Kat,"Sarıyer,Rumeli Hisarı Mahallesi",2000,39,0,0,0,1,0,2,1
647,133.51399253731344,Kombi,35,Çatı Katı,"Sarıyer,Rumeli Hisarı Mahallesi",15000,14,0,0,1,0,0,4,1
648,180.0,Kombi,4,Ara Kat,"Sarıyer,Uskumruköy Mahallesi",9000,8,0,0,0,0,1,3,1
649,100.0,Kombi,25,Ara Kat,"Sarıyer,Rumeli Hisarı Mahallesi",2800,30,0,0,0,0,0,2,1
650,80.0,Kombi,9,Çatı Katı,"Sarıyer,Tarabya Mahallesi",15000,22,0,0,1,0,0,4,1
651,70.0,Kombi,10,Ara Kat,"Sarıyer,Ayazağa Mahallesi",1600,11,0,0,0,1,0,1,1
652,97.0,Kombi,23,1. Kat,"Sarıyer,Yeniköy Mahallesi",2000,16,0,0,0,0,0,2,1
653,330.0,Kombi,8,Çatı Katı,"Sarıyer,İstinye Mahallesi",42000,22,0,0,1,0,0,5,1
654,310.0,Kombi,10,1. Kat,"Sarıyer,Tarabya Mahallesi",11000,1,0,0,0,0,1,5,1
655,140.0,Kombi,24,Ara Kat,"Sarıyer,Tarabya Mahallesi",3500,6,0,0,0,0,0,3,1
656,95.0,Kombi,25,Ara Kat,"Sarıyer,Rumeli Hisarı Mahallesi",2750,35,0,0,0,0,0,3,1
657,370.0,Kombi,15,Ara Kat,"Sarıyer,Emirgan Mahallesi",19000,1,1,0,0,0,0,4,2
658,110.0,Kombi,25,Ara Kat,"Sarıyer,Rumeli Hisarı Mahallesi",2750,58,0,0,0,0,0,2,1
659,90.0,Kombi,35,Ara Kat,"Sarıyer,Rumeli Hisarı Mahallesi",2400,10,0,0,0,0,0,3,1
661,150.0,Kombi,25,Ara Kat,"Sarıyer,Emirgan Mahallesi",6500,0,0,0,0,0,0,3,1
662,140.0,Kombi,25,Ara Kat,"Sarıyer,Rumeli Hisarı Mahallesi",2800,38,0,0,0,0,0,2,1
663,140.0,Kombi,25,Ara Kat,"Sarıyer,Rumeli Hisarı Mahallesi",3350,59,0,0,0,0,0,3,1
664,78.0,Kombi,24,1. Kat,"Sarıyer,Poligon Mahallesi",1250,21,0,0,0,0,0,2,1
665,50.0,Kombi,25,Ara Kat,"Sarıyer,Yeniköy Mahallesi",1400,9,0,0,0,1,0,1,0
666,195.0,Kombi,2,Ara Kat,"Sarıyer,Maden Mahallesi",5000,29,0,0,1,0,0,3,1
667,70.0,Kombi,30,1. Kat,"Sarıyer,Merkez Mahallesi",1600,0,0,0,0,0,1,1,1
668,135.0,Kombi,29,Ara Kat,"Sarıyer,Emirgan Mahallesi",4500,0,1,0,0,0,0,3,1
669,75.0,Kombi,24,Ara Kat,"Sarıyer,Emirgan Mahallesi",1900,0,0,0,0,0,0,1,1
670,340.0,Merkezi,23,Ara Kat,"Sarıyer,Tarabya Mahallesi",22750,0,0,0,0,0,0,5,1
671,133.51399253731344,Merkezi,1,Ara Kat,"Sarıyer,Maslak Mahallesi",16000,0,0,0,0,0,0,3,1
672,320.0,Merkezi,28,Ara Kat,"Sarıyer,Tarabya Mahallesi",12000,0,0,0,1,0,0,5,1
673,133.51399253731344,Merkezi,25,Ara Kat,"Sarıyer,Tarabya Mahallesi",8900,0,0,0,0,0,0,4,1
674,95.0,Merkezi,18,Bodrum,"Sarıyer,İstinye Mahallesi",3500,6,0,0,0,0,0,1,1
675,180.0,Merkezi,30,Ara Kat,"Sarıyer,Tarabya Mahallesi",3500,7,0,1,1,0,0,2,1
676,90.0,Merkezi,3,Ara Kat,"Sarıyer,Zekeriyaköy Mahallesi",3800,5,0,0,1,0,0,2,1
677,180.0,Merkezi,25,1. Kat,"Sarıyer,Ferahevler Mahallesi",7500,0,0,0,0,0,1,3,1
678,300.0,Merkezi,26,Çatı Katı,"Sarıyer,Tarabya Mahallesi",20000,0,1,0,1,0,0,5,1
679,30.0,Merkezi,28,Ara Kat,"Sarıyer,Tarabya Mahallesi",8700,0,0,0,0,0,0,4,1
680,63.0,Merkezi,3,1. Kat,"Sarıyer,Zekeriyaköy Mahallesi",3500,3,0,0,0,1,0,1,1
681,133.51399253731344,Merkezi,30,Ara Kat,"Sarıyer,Yeniköy Mahallesi",35000,3,1,0,0,0,0,3,1
682,140.0,Merkezi,20,Ara Kat,"Sarıyer,Darüşşafaka Mahallesi",4750,7,0,0,0,0,0,3,1
683,60.0,Merkezi,0,Ara Kat,"Sarıyer,Huzur Mahallesi",2500,3,0,1,0,1,0,1,1
684,45.0,Merkezi,3,Ara Kat,"Sarıyer,Zekeriyaköy Mahallesi",2500,3,0,0,0,1,0,1,0
685,165.0,Merkezi,15,1. Kat,"Sarıyer,Tarabya Mahallesi",7500,13,0,0,0,0,1,3,1
686,133.51399253731344,Merkezi,22,1. Kat,"Sarıyer,Ferahevler Mahallesi",7500,0,0,0,0,0,0,3,1
687,150.0,Merkezi,36,1. Kat,"Sarıyer,Emirgan Mahallesi",12000,12,1,0,0,0,0,2,1
688,400.0,Merkezi,25,Ara Kat,"Sarıyer,Tarabya Mahallesi",6500,1,0,0,1,0,0,6,2
689,140.0,Merkezi,20,1. Kat,"Sarıyer,Tarabya Mahallesi",13000,0,1,0,0,0,0,3,1
690,133.51399253731344,Merkezi,1,Ara Kat,"Sarıyer,Maslak Mahallesi",7000,6,0,0,0,0,0,3,1
691,64.0,Merkezi,1,Ara Kat,"Sarıyer,Maslak Mahallesi",3000,3,0,0,0,0,0,1,0
692,190.0,Merkezi,28,Ara Kat,"Sarıyer,Ferahevler Mahallesi",6750,4,0,0,0,0,0,4,1
693,110.0,Merkezi,21,Ara Kat,"Sarıyer,Huzur Mahallesi",2950,2,0,0,0,0,0,3,1
694,175.0,Merkezi,7,Çatı Katı,"Sarıyer,Maslak Mahallesi",10000,5,0,0,0,1,0,3,1
696,50.0,Merkezi,0,Ara Kat,"Sarıyer,Ayazağa Mahallesi",2500,9,0,0,0,0,0,1,0
697,340.0,Merkezi,10,Çatı Katı,"Sarıyer,Maslak Mahallesi",13000,0,0,0,1,0,0,4,1
698,110.0,Merkezi,22,Çatı Katı,"Sarıyer,Huzur Mahallesi",3100,3,0,0,0,0,0,3,1
699,200.0,Merkezi,1,Ara Kat,"Sarıyer,Maslak Mahallesi",7000,3,0,0,0,0,0,3,1
700,70.0,Merkezi,1,Ara Kat,"Sarıyer,Maslak Mahallesi",12000,3,0,0,0,0,0,3,1
701,133.51399253731344,Merkezi,25,1. Kat,"Sarıyer,Rumeli Hisarı Mahallesi",13000,4,0,0,1,0,1,4,1
702,9.0,Merkezi,7,Ara Kat,"Sarıyer,Maslak Mahallesi",4500,0,0,0,0,0,0,1,1
703,330.0,Merkezi,1,Ara Kat,"Sarıyer,Maslak Mahallesi",15000,3,0,0,0,0,0,3,1
704,110.0,Merkezi,21,Ara Kat,"Sarıyer,Huzur Mahallesi",2950,2,0,0,0,0,0,3,1
705,133.51399253731344,Merkezi,30,Ara Kat,"Sarıyer,Rumeli Hisarı Mahallesi",17000,6,0,0,0,0,0,4,1
706,37.0,Merkezi,3,Ara Kat,"Sarıyer,Maslak Mahallesi",10000,0,0,0,0,0,0,4,1
707,200.0,Merkezi,1,Ara Kat,"Sarıyer,Maslak Mahallesi",10000,3,0,0,0,1,0,3,1
709,110.0,Merkezi,21,Ara Kat,"Sarıyer,Huzur Mahallesi",3000,2,0,0,0,0,0,3,1
710,139.0,Merkezi,4,Ara Kat,"Sarıyer,Maslak Mahallesi",9000,6,0,0,0,0,0,2,1
711,95.0,Merkezi,18,Bodrum,"Sarıyer,İstinye Mahallesi",3500,1,0,0,0,0,0,1,1
714,160.0,Merkezi,2,Ara Kat,"Sarıyer,Maslak Mahallesi",5750,25,0,0,0,1,0,2,1
715,133.51399253731344,Merkezi,2,Ara Kat,"Sarıyer,Maslak Mahallesi",7000,25,0,0,0,0,0,3,1
716,85.0,Merkezi,2,Çatı Katı,"Sarıyer,Ayazağa Mahallesi",4500,13,0,0,0,0,0,1,1
717,350.0,Merkezi,20,Ara Kat,"Sarıyer,Tarabya Mahallesi",25000,12,0,0,0,0,0,4,1
718,170.0,Merkezi,13,Çatı Katı,"Sarıyer,Maslak Mahallesi",11890,5,0,0,0,1,0,3,1
719,160.0,Merkezi,30,1. Kat,"Sarıyer,Tarabya Mahallesi",7500,12,0,0,0,0,0,3,1
720,100.0,Merkezi,31,1. Kat,"Sarıyer,Rumeli Hisarı Mahallesi",7500,6,0,0,0,0,0,1,1
721,133.51399253731344,Merkezi,30,1. Kat,"Sarıyer,Tarabya Mahallesi",8500,12,0,0,1,0,0,4,1
722,335.0,Merkezi,1,1. Kat,"Sarıyer,Tarabya Mahallesi",25000,21,0,0,1,0,1,4,2
723,160.0,Merkezi,20,1. Kat,"Sarıyer,Tarabya Mahallesi",7500,23,0,0,0,0,0,3,1
724,160.0,Merkezi,20,1. Kat,"Sarıyer,Tarabya Mahallesi",7500,23,1,0,0,0,0,3,1
725,85.0,Merkezi,5,Ara Kat,"Sarıyer,Maslak Mahallesi",4100,0,0,0,0,0,0,1,1
726,120.0,Merkezi,25,Ara Kat,"Sarıyer,Rumeli Hisarı Mahallesi",4000,5,0,0,0,0,0,3,1
727,170.0,Merkezi,8,Çatı Katı,"Sarıyer,Maslak Mahallesi",10000,0,0,0,0,1,0,3,1
728,170.0,Merkezi,30,1. Kat,"Sarıyer,Emirgan Mahallesi",11000,23,0,0,0,0,0,3,1
730,133.51399253731344,Merkezi,0,Ara Kat,"Sarıyer,Emirgan Mahallesi",10000,6,1,0,0,0,0,3,1
731,300.0,Merkezi,1,Ara Kat,"Sarıyer,Ayazağa Mahallesi",17000,0,0,0,1,0,0,4,1
732,180.0,Merkezi,30,Ara Kat,"Sarıyer,Yeniköy Mahallesi",27000,51,1,0,0,0,0,2,1
733,175.0,Merkezi,5,Ara Kat,"Sarıyer,Ayazağa Mahallesi",10000,12,0,0,0,0,0,3,1
734,165.0,Merkezi,30,1. Kat,"Sarıyer,Emirgan Mahallesi",12000,12,1,0,0,0,1,3,1
735,180.0,Merkezi,25,1. Kat,"Sarıyer,Ferahevler Mahallesi",7500,0,0,0,0,0,1,3,1
737,133.51399253731344,Merkezi,7,Ara Kat,"Sarıyer,Maslak Mahallesi",1000,5,0,1,0,1,0,1,1
739,50.0,Merkezi,1,Ara Kat,"Sarıyer,Maslak Mahallesi",8500,3,0,0,0,0,0,4,1
740,330.0,Merkezi,20,Çatı Katı,"Sarıyer,Tarabya Mahallesi",21000,10,0,0,1,0,0,5,1
741,19.0,Merkezi,44,Ara Kat,"Sarıyer,Emirgan Mahallesi",10000,9,1,0,0,0,0,3,1
742,100.0,Merkezi,15,1. Kat,"Sarıyer,Emirgan Mahallesi",2500,13,0,0,0,0,1,2,1
743,50.0,Merkezi,25,1. Kat,"Sarıyer,Tarabya Mahallesi",12000,7,0,0,0,0,1,4,1
744,160.0,Merkezi,25,Ara Kat,"Sarıyer,Baltalimanı Mahallesi",14000,13,1,0,0,0,0,4,1
745,80.0,Merkezi,1,Ara Kat,"Sarıyer,Maslak Mahallesi",3600,6,0,0,0,0,0,1,1
746,70.0,Merkezi,1,Ara Kat,"Sarıyer,Maslak Mahallesi",9000,3,0,0,0,0,0,4,1
747,64.0,Merkezi,1,Ara Kat,"Sarıyer,Maslak Mahallesi",2800,3,0,0,0,0,0,1,0
748,85.0,Merkezi,10,Ara Kat,"Sarıyer,Maslak Mahallesi",4250,17,0,0,0,0,0,1,1
749,160.0,Merkezi,1,Ara Kat,"Sarıyer,Maslak Mahallesi",6000,6,0,0,0,0,0,2,1
750,133.51399253731344,Merkezi,1,Ara Kat,"Sarıyer,Maslak Mahallesi",7000,6,0,0,0,0,0,3,1
751,80.0,Merkezi,1,Ara Kat,"Sarıyer,Maslak Mahallesi",5000,3,0,0,0,1,0,1,1
752,76.0,Merkezi,2,Ara Kat,"Sarıyer,Maslak Mahallesi",4000,7,0,0,0,0,0,1,1
753,140.0,Merkezi,35,1. Kat,"Sarıyer,Emirgan Mahallesi",16000,51,1,0,0,0,0,3,1
754,90.0,Merkezi,2,Çatı Katı,"Sarıyer,Maslak Mahallesi",13000,28,0,0,0,0,0,3,1
755,150.0,Merkezi,35,Çatı Katı,"Sarıyer,Baltalimanı Mahallesi",33500,51,0,0,1,0,0,3,1
756,70.0,Merkezi,4,Ara Kat,"Sarıyer,Maslak Mahallesi",3500,3,0,0,0,0,0,1,1
757,133.51399253731344,Merkezi,20,Ara Kat,"Sarıyer,Rumeli Hisarı Mahallesi",15000,13,1,0,0,0,0,3,1
758,180.0,Merkezi,30,Ara Kat,"Sarıyer,Emirgan Mahallesi",13000,2,0,0,0,0,1,3,1
759,180.0,Merkezi,20,Çatı Katı,"Sarıyer,Yeniköy Mahallesi",22000,15,0,0,1,0,0,3,1
760,70.0,Merkezi,30,Ara Kat,"Sarıyer,Yeniköy Mahallesi",32000,16,0,0,0,0,0,5,1
761,150.0,Merkezi,26,Ara Kat,"Sarıyer,Rumeli Hisarı Mahallesi",14000,0,0,0,0,0,1,3,1
762,140.0,Merkezi,20,1. Kat,"Sarıyer,Darüşşafaka Mahallesi",4650,8,0,0,0,0,0,3,1
763,80.0,Merkezi,25,1. Kat,"Sarıyer,Yeniköy Mahallesi",4200,12,1,0,0,1,0,2,1
764,85.0,Merkezi,10,Ara Kat,"Sarıyer,Maslak Mahallesi",3800,15,0,0,0,1,0,1,1
765,75.0,Merkezi,4,Ara Kat,"Sarıyer,İstinye Mahallesi",7000,39,0,0,0,0,0,1,1
766,40.0,Merkezi,40,Ara Kat,"Sarıyer,Yeniköy Mahallesi",13000,0,1,0,0,0,0,3,1
767,300.0,Merkezi,20,Ara Kat,"Sarıyer,Emirgan Mahallesi",25000,13,1,0,0,0,0,4,1
768,350.0,Merkezi,20,Ara Kat,"Sarıyer,Yeniköy Mahallesi",20000,25,0,0,1,0,0,5,1
769,133.51399253731344,Merkezi,25,Ara Kat,"Sarıyer,Rumeli Hisarı Mahallesi",17000,4,0,0,0,0,0,4,1
770,300.0,Merkezi,4,Ara Kat,"Sarıyer,İstinye Mahallesi",14000,1,0,0,0,0,0,5,1
771,300.0,Merkezi,35,Ara Kat,"Sarıyer,Yeniköy Mahallesi",42000,0,1,0,0,0,0,4,1
772,165.0,Merkezi,15,Ara Kat,"Sarıyer,Tarabya Mahallesi",4500,42,0,0,0,1,0,3,1
773,85.0,Merkezi,19,Ara Kat,"Sarıyer,İstinye Mahallesi",3500,4,0,0,0,0,0,1,1
774,55.0,Merkezi,25,Ara Kat,"Sarıyer,Yeniköy Mahallesi",10000,0,0,0,0,0,0,4,1
775,50.0,Merkezi,25,Ara Kat,"Sarıyer,Büyükdere Mahallesi",20000,25,0,0,1,0,0,4,1
776,150.0,Merkezi,25,Ara Kat,"Sarıyer,Rumeli Hisarı Mahallesi",15000,25,0,0,0,0,1,3,1
777,10.0,Merkezi,25,Ara Kat,"Sarıyer,Rumeli Hisarı Mahallesi",38000,25,0,0,0,0,0,3,1
778,150.0,Merkezi,25,Ara Kat,"Sarıyer,Rumeli Hisarı Mahallesi",15000,25,0,0,0,0,1,3,1
780,110.0,Merkezi,19,Ara Kat,"Sarıyer,Yeniköy Mahallesi",4250,1,0,0,0,0,0,2,1
781,160.0,Merkezi,0,1. Kat,"Sarıyer,Emirgan Mahallesi",18800,0,0,0,0,0,0,3,1
782,110.0,Merkezi,35,Ara Kat,"Sarıyer,Rumeli Hisarı Mahallesi",34200,25,1,0,0,0,0,4,1
783,150.0,Merkezi,0,Ara Kat,"Sarıyer,Maslak Mahallesi",10000,3,0,0,0,1,0,2,1
784,133.51399253731344,Merkezi,20,Ara Kat,"Sarıyer,Ferahevler Mahallesi",6900,24,0,0,0,0,0,4,1
785,80.0,Merkezi,0,1. Kat,"Sarıyer,Emirgan Mahallesi",54800,0,1,0,0,0,0,4,1
786,400.0,Merkezi,0,1. Kat,"Sarıyer,Baltalimanı Mahallesi",54800,25,1,0,1,0,1,5,2
787,300.0,Merkezi,3,Ara Kat,"Sarıyer,İstinye Mahallesi",11000,1,0,0,0,0,0,5,1
788,300.0,Merkezi,14,Ara Kat,"Sarıyer,İstinye Mahallesi",25000,3,0,0,1,0,0,5,1
789,10.0,Merkezi,35,Ara Kat,"Sarıyer,Rumeli Hisarı Mahallesi",15000,5,0,0,0,0,0,4,1
790,115.0,Merkezi,10,Ara Kat,"Sarıyer,Huzur Mahallesi",5000,3,0,0,0,0,0,2,1
791,360.0,Merkezi,16,Ara Kat,"Sarıyer,İstinye Mahallesi",37600,25,0,0,1,0,1,5,1
792,110.0,Merkezi,30,Ara Kat,"Sarıyer,Yeniköy Mahallesi",4250,14,1,0,0,0,0,2,1
793,40.0,Merkezi,8,1. Kat,"Sarıyer,İstinye Mahallesi",47900,25,0,0,0,0,1,4,1
794,40.0,Merkezi,25,1. Kat,"Sarıyer,Emirgan Mahallesi",41100,25,0,0,0,0,1,4,1
795,40.0,Merkezi,35,Ara Kat,"Sarıyer,Baltalimanı Mahallesi",18000,25,0,0,0,0,0,3,1
796,60.0,Soba,21,1. Kat,"Sarıyer,Yeniköy Mahallesi",1000,4,0,0,0,0,0,1,1
797,60.0,Soba,20,1. Kat,"Sarıyer,Yeniköy Mahallesi",1000,4,0,0,0,0,0,1,1
798,4.0,Soba,30,Bodrum,"Sarıyer,Yeniköy Mahallesi",1250,3,0,0,0,1,0,1,1
799,80.0,Soba,20,1. Kat,"Sarıyer,Ferahevler Mahallesi",1200,4,0,0,0,0,0,2,1
800,75.0,Soba,20,Ara Kat,"Sarıyer,Yeniköy Mahallesi",1000,2,0,0,0,0,0,2,1
801,55.0,Soba,15,1. Kat,"Sarıyer,Ayazağa Mahallesi",1000,2,0,0,0,0,1,1,1
802,70.0,Soba,25,1. Kat,"Sarıyer,Tarabya Mahallesi",2000,1,0,0,0,1,0,1,1
806,80.0,Belirtilmemiş,3,Ara Kat,"Sarıyer,Maslak Mahallesi",15000,3,0,0,1,0,0,4,1
807,40.0,Belirtilmemiş,0,1. Kat,"Sarıyer,İstinye Mahallesi",22000,0,0,0,0,0,1,3,1
808,194.0,Belirtilmemiş,15,Ara Kat,"Sarıyer,İstinye Mahallesi",23000,0,0,0,0,1,0,3,1
809,330.0,Merkezi (Pay Ölçer),14,Ara Kat,"Sarıyer,İstinye Mahallesi",25500,0,0,0,1,0,0,5,1
810,330.0,Merkezi (Pay Ölçer),9,Ara Kat,"Sarıyer,İstinye Mahallesi",19000,0,0,0,1,0,0,5,1
811,85.0,Merkezi (Pay Ölçer),2,1. Kat,"Sarıyer,İstinye Mahallesi",24000,0,0,0,1,0,1,4,1
812,160.0,Merkezi (Pay Ölçer),25,1. Kat,"Sarıyer,Tarabya Mahallesi",13000,0,1,0,0,0,0,3,1
813,125.0,Merkezi (Pay Ölçer),4,Ara Kat,"Sarıyer,Zekeriyaköy Mahallesi",4850,0,0,0,1,0,0,2,1
814,77.0,Merkezi (Pay Ölçer),3,Çatı Katı,"Sarıyer,Maslak Mahallesi",4500,0,0,0,0,0,0,1,1
815,6.0,Merkezi (Pay Ölçer),4,Çatı Katı,"Sarıyer,Huzur Mahallesi",3500,0,0,0,0,1,0,1,0
816,45.0,Merkezi (Pay Ölçer),4,Ara Kat,"Sarıyer,Zekeriyaköy Mahallesi",2500,0,0,0,0,1,0,1,1
817,70.0,Merkezi (Pay Ölçer),5,Ara Kat,"Sarıyer,Maslak Mahallesi",4500,0,0,0,0,1,0,1,1
818,45.0,Merkezi (Pay Ölçer),5,1. Kat,"Sarıyer,Zekeriyaköy Mahallesi",2500,0,0,0,0,1,0,1,0
819,200.0,Merkezi (Pay Ölçer),2,1. Kat,"Sarıyer,İstinye Mahallesi",13000,0,0,0,0,0,1,2,1
820,165.0,Merkezi (Pay Ölçer),27,Ara Kat,"Sarıyer,Darüşşafaka Mahallesi",5800,0,0,0,0,0,0,4,1
821,380.0,Merkezi (Pay Ölçer),2,1. Kat,"Sarıyer,İstinye Mahallesi",35000,0,0,0,0,0,1,5,1
822,85.0,Merkezi (Pay Ölçer),8,Çatı Katı,"Sarıyer,Maslak Mahallesi",5000,0,0,0,0,1,0,1,1
823,170.0,Merkezi (Pay Ölçer),8,Ara Kat,"Sarıyer,Maslak Mahallesi",8500,0,0,0,0,0,0,3,1
824,85.0,Merkezi (Pay Ölçer),2,Ara Kat,"Sarıyer,İstinye Mahallesi",22500,0,0,0,1,0,0,3,1
825,330.0,Merkezi (Pay Ölçer),12,Ara Kat,"Sarıyer,İstinye Mahallesi",19000,0,0,0,1,0,0,5,1
826,110.0,Merkezi (Pay Ölçer),28,Ara Kat,"Sarıyer,Darüşşafaka Mahallesi",4000,0,0,0,0,0,0,3,1
827,330.0,Merkezi (Pay Ölçer),17,Ara Kat,"Sarıyer,Tarabya Mahallesi",21000,3,0,0,1,0,0,5,1
828,135.0,Merkezi (Pay Ölçer),3,Çatı Katı,"Sarıyer,Zekeriyaköy Mahallesi",3200,4,0,0,1,0,0,1,1
829,60.0,Merkezi (Pay Ölçer),6,Ara Kat,"Sarıyer,Maden Mahallesi",2500,4,0,0,0,1,0,1,0
830,350.0,Merkezi (Pay Ölçer),20,Ara Kat,"Sarıyer,Tarabya Mahallesi",20000,0,0,0,1,0,0,5,1
831,100.0,Merkezi (Pay Ölçer),25,1. Kat,"Sarıyer,Darüşşafaka Mahallesi",3400,0,0,0,0,1,1,2,1
832,77.0,Merkezi (Pay Ölçer),6,Ara Kat,"Sarıyer,Maslak Mahallesi",3500,0,0,0,0,0,0,1,1
833,133.51399253731344,Merkezi (Pay Ölçer),26,Ara Kat,"Sarıyer,Tarabya Mahallesi",12000,0,0,0,0,0,0,3,1
834,170.0,Merkezi (Pay Ölçer),8,Çatı Katı,"Sarıyer,Maslak Mahallesi",9000,6,0,0,0,1,0,3,1
835,133.51399253731344,Merkezi (Pay Ölçer),6,Ara Kat,"Sarıyer,Pınar Mahallesi",26000,6,0,0,0,0,0,3,1
836,110.0,Merkezi (Pay Ölçer),8,Ara Kat,"Sarıyer,Maslak Mahallesi",5250,0,0,0,0,0,0,2,1
837,89.0,Merkezi (Pay Ölçer),3,Ara Kat,"Sarıyer,Zekeriyaköy Mahallesi",3600,2,0,0,1,1,0,2,1
838,133.51399253731344,Merkezi (Pay Ölçer),22,1. Kat,"Sarıyer,Darüşşafaka Mahallesi",3700,3,0,0,1,0,0,4,1
839,126.0,Merkezi (Pay Ölçer),27,1. Kat,"Sarıyer,Darüşşafaka Mahallesi",3700,3,0,0,0,0,0,3,1
840,65.0,Merkezi (Pay Ölçer),5,Ara Kat,"Sarıyer,Maslak Mahallesi",4000,7,0,0,0,0,0,1,0
841,60.0,Merkezi (Pay Ölçer),6,Ara Kat,"Sarıyer,Maslak Mahallesi",2600,0,0,0,0,0,0,1,0
843,45.0,Merkezi (Pay Ölçer),3,1. Kat,"Sarıyer,Zekeriyaköy Mahallesi",2600,2,0,0,0,1,0,1,1
844,77.0,Merkezi (Pay Ölçer),3,Ara Kat,"Sarıyer,Maslak Mahallesi",3800,0,0,0,0,0,0,1,1
845,183.0,Merkezi (Pay Ölçer),3,Ara Kat,"Sarıyer,Maslak Mahallesi",7000,0,0,0,0,0,0,3,1
846,110.0,Merkezi (Pay Ölçer),19,1. Kat,"Sarıyer,Darüşşafaka Mahallesi",3200,6,0,0,0,0,1,2,1
847,160.0,Merkezi (Pay Ölçer),25,1. Kat,"Sarıyer,Ferahevler Mahallesi",8000,0,1,0,0,0,1,3,1
848,55.0,Merkezi (Pay Ölçer),3,Ara Kat,"Sarıyer,Zekeriyaköy Mahallesi",2900,3,0,0,0,1,0,1,1
849,85.0,Merkezi (Pay Ölçer),5,Ara Kat,"Sarıyer,Maslak Mahallesi",5000,0,0,0,0,1,0,1,1
850,126.0,Merkezi (Pay Ölçer),5,Ara Kat,"Sarıyer,Maslak Mahallesi",4000,0,0,0,0,0,0,1,1
851,64.0,Merkezi (Pay Ölçer),4,Ara Kat,"Sarıyer,Zekeriyaköy Mahallesi",3500,4,0,0,0,1,0,1,1
852,50.0,Merkezi (Pay Ölçer),25,Ara Kat,"Sarıyer,Tarabya Mahallesi",20000,21,0,0,1,0,0,5,2
853,330.0,Merkezi (Pay Ölçer),11,Ara Kat,"Sarıyer,İstinye Mahallesi",19500,0,0,0,1,0,0,5,1
854,95.0,Merkezi (Pay Ölçer),3,Ara Kat,"Sarıyer,İstinye Mahallesi",16000,0,0,0,1,0,0,4,1
855,130.0,Merkezi (Pay Ölçer),20,Ara Kat,"Sarıyer,Darüşşafaka Mahallesi",3500,4,0,0,0,0,0,3,1
856,170.0,Merkezi (Pay Ölçer),8,Ara Kat,"Sarıyer,Maslak Mahallesi",8500,0,0,0,0,0,0,3,1
857,18.0,Merkezi (Pay Ölçer),3,Çatı Katı,"Sarıyer,Maslak Mahallesi",8900,4,0,0,0,0,0,3,1
858,55.0,Merkezi (Pay Ölçer),8,Ara Kat,"Sarıyer,Maslak Mahallesi",12000,20,0,0,0,0,0,4,1
859,83.0,Merkezi (Pay Ölçer),4,Çatı Katı,"Sarıyer,Maslak Mahallesi",4500,7,0,0,0,1,0,1,1
860,47.0,Merkezi (Pay Ölçer),1,Ara Kat,"Sarıyer,Zekeriyaköy Mahallesi",2900,3,0,0,0,1,0,1,1
861,67.0,Merkezi (Pay Ölçer),6,Ara Kat,"Sarıyer,Maden Mahallesi",2700,24,0,0,0,0,0,1,1
862,80.0,Merkezi (Pay Ölçer),20,Ara Kat,"Sarıyer,İstinye Mahallesi",3250,2,0,0,0,0,0,2,1
863,350.0,Merkezi (Pay Ölçer),16,Ara Kat,"Sarıyer,Tarabya Mahallesi",20000,0,1,0,0,0,0,5,1
864,135.0,Merkezi (Pay Ölçer),4,Ara Kat,"Sarıyer,Zekeriyaköy Mahallesi",3150,17,0,0,1,0,0,1,1
865,65.0,Merkezi (Pay Ölçer),2,Ara Kat,"Sarıyer,Maslak Mahallesi",3000,7,0,0,0,0,0,1,0
866,300.0,Merkezi (Pay Ölçer),1,Ara Kat,"Sarıyer,Ayazağa Mahallesi",17000,0,0,0,1,0,0,4,1
867,65.0,Merkezi (Pay Ölçer),29,1. Kat,"Sarıyer,Emirgan Mahallesi",2200,3,1,0,0,0,1,1,1
868,75.0,Merkezi (Pay Ölçer),1,Ara Kat,"Sarıyer,Ayazağa Mahallesi",20000,0,0,0,0,1,0,4,1
869,110.0,Merkezi (Pay Ölçer),28,Ara Kat,"Sarıyer,Darüşşafaka Mahallesi",4000,12,0,0,0,0,0,3,1
870,145.0,Merkezi (Pay Ölçer),25,Ara Kat,"Sarıyer,Zekeriyaköy Mahallesi",4400,9,1,0,0,0,0,3,1
871,170.0,Merkezi (Pay Ölçer),8,1. Kat,"Sarıyer,Maslak Mahallesi",8500,20,0,0,1,0,1,3,1
872,137.0,Merkezi (Pay Ölçer),4,1. Kat,"Sarıyer,Maslak Mahallesi",7750,7,0,0,0,1,1,2,1
873,120.0,Merkezi (Pay Ölçer),25,Bodrum,"Sarıyer,Yeniköy Mahallesi",4250,3,0,0,0,0,0,2,1
874,63.0,Merkezi (Pay Ölçer),2,1. Kat,"Sarıyer,Zekeriyaköy Mahallesi",3500,3,0,0,0,1,0,1,1
875,67.0,Merkezi (Pay Ölçer),6,1. Kat,"Sarıyer,Maden Mahallesi",2600,11,0,0,0,0,0,1,1
876,110.0,Merkezi (Pay Ölçer),20,Ara Kat,"Sarıyer,Huzur Mahallesi",3000,0,0,0,0,0,0,3,1
877,170.0,Merkezi (Pay Ölçer),10,Ara Kat,"Sarıyer,Maslak Mahallesi",9500,10,0,0,0,1,0,3,1
878,190.0,Merkezi (Pay Ölçer),35,Ara Kat,"Sarıyer,Emirgan Mahallesi",12000,12,1,0,0,0,0,3,1
879,60.0,Merkezi (Pay Ölçer),29,1. Kat,"Sarıyer,Emirgan Mahallesi",2200,3,1,0,0,0,1,1,1
880,110.0,Merkezi (Pay Ölçer),8,Çatı Katı,"Sarıyer,Maslak Mahallesi",5500,27,0,0,0,0,0,2,1
881,100.0,Merkezi (Pay Ölçer),26,1. Kat,"Sarıyer,Darüşşafaka Mahallesi",3600,13,0,0,0,1,1,2,1
882,18.0,Merkezi (Pay Ölçer),9,Ara Kat,"Sarıyer,Maslak Mahallesi",12000,0,0,0,0,1,0,3,1
884,96.0,Merkezi (Pay Ölçer),3,Ara Kat,"Sarıyer,İstinye Mahallesi",7000,7,1,0,0,0,0,1,1
885,110.0,Merkezi (Pay Ölçer),8,Ara Kat,"Sarıyer,Maslak Mahallesi",5250,0,0,0,0,0,0,2,1
886,85.0,Merkezi (Pay Ölçer),8,Çatı Katı,"Sarıyer,Maslak Mahallesi",5500,0,0,0,0,1,0,1,1
887,85.0,Merkezi (Pay Ölçer),0,Ara Kat,"Sarıyer,Ayazağa Mahallesi",3750,10,0,0,0,0,0,1,1
888,55.0,Merkezi (Pay Ölçer),8,Çatı Katı,"Sarıyer,Maslak Mahallesi",10000,20,0,0,0,0,0,4,1
889,300.0,Merkezi (Pay Ölçer),9,Çatı Katı,"Sarıyer,Maslak Mahallesi",17000,0,0,0,0,0,0,5,1
890,330.0,Merkezi (Pay Ölçer),18,Ara Kat,"Sarıyer,Tarabya Mahallesi",19000,0,0,0,1,0,0,5,1
891,78.0,Merkezi (Pay Ölçer),2,Ara Kat,"Sarıyer,Zekeriyaköy Mahallesi",3000,41,0,0,0,1,0,1,1
892,330.0,Merkezi (Pay Ölçer),10,Ara Kat,"Sarıyer,İstinye Mahallesi",19000,0,0,0,1,0,0,5,1
893,330.0,Merkezi (Pay Ölçer),25,Ara Kat,"Sarıyer,Tarabya Mahallesi",23000,3,0,0,0,0,0,6,1
894,87.0,Merkezi (Pay Ölçer),4,Ara Kat,"Sarıyer,Maslak Mahallesi",3800,6,0,0,0,0,0,1,1
895,300.0,Merkezi (Pay Ölçer),25,Çatı Katı,"Sarıyer,Tarabya Mahallesi",23000,0,1,0,0,0,0,5,1
896,95.0,Merkezi (Pay Ölçer),8,Ara Kat,"Sarıyer,Maslak Mahallesi",4650,27,0,0,0,0,0,1,1
897,85.0,Merkezi (Pay Ölçer),8,Çatı Katı,"Sarıyer,Maslak Mahallesi",5500,0,0,0,0,0,0,1,1
898,55.0,Merkezi (Pay Ölçer),8,Çatı Katı,"Sarıyer,Maslak Mahallesi",14000,0,0,0,0,0,0,4,1
899,94.0,Merkezi (Pay Ölçer),3,Ara Kat,"Sarıyer,Maslak Mahallesi",5000,0,0,0,0,0,0,1,1
900,69.0,Merkezi (Pay Ölçer),8,Ara Kat,"Sarıyer,Maslak Mahallesi",4200,0,0,0,0,0,0,1,1
901,117.0,Merkezi (Pay Ölçer),3,Çatı Katı,"Sarıyer,Maslak Mahallesi",5500,0,0,0,0,1,0,2,1
902,85.0,Merkezi (Pay Ölçer),8,Ara Kat,"Sarıyer,Maslak Mahallesi",5500,0,0,0,0,0,0,1,1
903,73.0,Merkezi (Pay Ölçer),3,Ara Kat,"Sarıyer,Maslak Mahallesi",2800,0,0,0,0,0,0,1,0
904,128.0,Merkezi (Pay Ölçer),3,Çatı Katı,"Sarıyer,Maslak Mahallesi",5500,0,0,0,0,0,0,3,1
905,177.0,Merkezi (Pay Ölçer),3,Ara Kat,"Sarıyer,Maslak Mahallesi",7000,0,0,0,0,0,0,3,1
906,69.0,Merkezi (Pay Ölçer),8,Ara Kat,"Sarıyer,Maslak Mahallesi",4200,0,0,0,0,0,0,1,1
907,85.0,Merkezi (Pay Ölçer),5,Ara Kat,"Sarıyer,Ayazağa Mahallesi",4750,0,0,0,0,1,0,1,1
908,50.0,Merkezi (Pay Ölçer),0,Ara Kat,"Sarıyer,Huzur Mahallesi",9500,0,0,0,1,0,0,3,1
909,170.0,Merkezi (Pay Ölçer),8,Ara Kat,"Sarıyer,Maslak Mahallesi",7500,0,0,0,0,0,0,3,1
910,170.0,Merkezi (Pay Ölçer),8,Çatı Katı,"Sarıyer,Maslak Mahallesi",9000,7,0,0,0,0,0,3,1
911,117.0,Merkezi (Pay Ölçer),5,Çatı Katı,"Sarıyer,Huzur Mahallesi",6000,0,0,0,0,1,0,1,1
912,55.0,Merkezi (Pay Ölçer),8,Çatı Katı,"Sarıyer,Maslak Mahallesi",14000,0,0,0,0,1,0,4,1
913,77.0,Merkezi (Pay Ölçer),3,Ara Kat,"Sarıyer,Maslak Mahallesi",3800,0,0,0,0,0,0,1,1
914,128.0,Merkezi (Pay Ölçer),3,Çatı Katı,"Sarıyer,Maslak Mahallesi",5500,0,0,0,0,0,0,3,1
915,83.0,Merkezi (Pay Ölçer),4,Ara Kat,"Sarıyer,Ayazağa Mahallesi",5000,0,0,0,0,1,0,1,1
916,183.0,Merkezi (Pay Ölçer),3,Ara Kat,"Sarıyer,Maslak Mahallesi",7000,0,0,0,0,0,0,3,1
917,77.0,Merkezi (Pay Ölçer),3,Çatı Katı,"Sarıyer,Maslak Mahallesi",4500,0,0,0,0,0,0,1,1
918,175.0,Merkezi (Pay Ölçer),5,Ara Kat,"Sarıyer,Maslak Mahallesi",7000,0,0,0,0,0,0,3,1
919,86.0,Merkezi (Pay Ölçer),3,Ara Kat,"Sarıyer,Maslak Mahallesi",3900,0,0,0,0,0,0,1,1
920,146.0,Merkezi (Pay Ölçer),4,Ara Kat,"Sarıyer,Ayazağa Mahallesi",9000,0,0,0,1,1,0,2,1
921,90.0,Merkezi (Pay Ölçer),0,Ara Kat,"Sarıyer,Huzur Mahallesi",4000,0,0,0,0,0,0,1,1
922,85.0,Merkezi (Pay Ölçer),4,Ara Kat,"Sarıyer,Ayazağa Mahallesi",5000,0,0,0,1,1,0,1,1
923,177.0,Merkezi (Pay Ölçer),3,Ara Kat,"Sarıyer,Maslak Mahallesi",7000,0,0,0,0,0,0,3,1
924,85.0,Merkezi (Pay Ölçer),5,Ara Kat,"Sarıyer,Maslak Mahallesi",6000,0,0,0,0,1,0,1,1
926,85.0,Merkezi (Pay Ölçer),3,Ara Kat,"Sarıyer,Ayazağa Mahallesi",4750,0,0,0,1,1,0,1,1
927,73.0,Merkezi (Pay Ölçer),3,Ara Kat,"Sarıyer,Maslak Mahallesi",2800,0,0,0,0,0,0,1,0
928,117.0,Merkezi (Pay Ölçer),3,Çatı Katı,"Sarıyer,Maslak Mahallesi",5500,0,0,0,0,0,0,2,1
929,90.0,Merkezi (Pay Ölçer),5,Ara Kat,"Sarıyer,Maslak Mahallesi",3999,0,0,0,0,0,0,1,1
930,130.0,Merkezi (Pay Ölçer),0,Ara Kat,"Sarıyer,Huzur Mahallesi",4500,0,0,0,1,0,0,1,1
931,85.0,Merkezi (Pay Ölçer),4,Ara Kat,"Sarıyer,Ayazağa Mahallesi",5000,0,0,0,1,1,0,1,1
933,85.0,Merkezi (Pay Ölçer),5,Ara Kat,"Sarıyer,Ayazağa Mahallesi",4750,0,0,0,0,1,0,1,1
934,94.0,Merkezi (Pay Ölçer),3,Ara Kat,"Sarıyer,Maslak Mahallesi",5000,0,0,0,0,1,0,1,1
935,70.0,Merkezi (Pay Ölçer),5,Ara Kat,"Sarıyer,Maslak Mahallesi",3750,0,0,0,0,1,0,1,0
936,90.0,Merkezi (Pay Ölçer),0,Ara Kat,"Sarıyer,Huzur Mahallesi",4500,0,0,0,1,0,0,1,1
937,170.0,Merkezi (Pay Ölçer),8,Ara Kat,"Sarıyer,Maslak Mahallesi",7500,0,0,0,0,0,0,3,1
938,146.0,Merkezi (Pay Ölçer),4,Ara Kat,"Sarıyer,Ayazağa Mahallesi",9000,0,0,0,1,1,0,1,1
939,85.0,Merkezi (Pay Ölçer),4,Ara Kat,"Sarıyer,Maslak Mahallesi",4750,0,0,0,1,1,0,1,1
940,85.0,Merkezi (Pay Ölçer),6,Ara Kat,"Sarıyer,Maslak Mahallesi",4900,0,0,0,0,1,1,1,1
941,145.0,Merkezi (Pay Ölçer),0,Ara Kat,"Sarıyer,Ayazağa Mahallesi",5900,0,0,0,0,0,0,2,1
942,130.0,Merkezi (Pay Ölçer),20,1. Kat,"Sarıyer,Kireçburnu Mahallesi",3000,0,0,0,0,0,1,3,1
943,90.0,Merkezi (Pay Ölçer),0,Ara Kat,"Sarıyer,Huzur Mahallesi",4000,0,0,0,0,0,0,1,1
944,133.51399253731344,Merkezi (Pay Ölçer),3,Ara Kat,"Sarıyer,Maslak Mahallesi",7000,0,0,0,0,0,0,3,1
946,135.0,Merkezi (Pay Ölçer),3,Ara Kat,"Sarıyer,Ayazağa Mahallesi",7250,5,0,0,0,0,0,2,1
947,183.0,Merkezi (Pay Ölçer),4,Ara Kat,"Sarıyer,Maslak Mahallesi",7000,0,0,0,0,0,0,3,1
948,155.0,Merkezi (Pay Ölçer),5,Çatı Katı,"Sarıyer,Maslak Mahallesi",10500,0,0,0,0,0,0,2,1
950,170.0,Merkezi (Pay Ölçer),10,Ara Kat,"Sarıyer,Maslak Mahallesi",8500,0,0,0,0,0,0,3,1
951,77.0,Merkezi (Pay Ölçer),6,Ara Kat,"Sarıyer,Maslak Mahallesi",3800,5,0,0,0,0,0,1,1
952,170.0,Merkezi (Pay Ölçer),6,Ara Kat,"Sarıyer,Maslak Mahallesi",7500,0,0,0,0,0,0,3,1
953,85.0,Merkezi (Pay Ölçer),10,Ara Kat,"Sarıyer,Maslak Mahallesi",5500,2,0,0,0,1,0,1,1
954,187.0,Merkezi (Pay Ölçer),3,Ara Kat,"Sarıyer,Maslak Mahallesi",7000,0,0,0,0,0,0,3,1
955,85.0,Merkezi (Pay Ölçer),3,Ara Kat,"Sarıyer,Ayazağa Mahallesi",4800,0,0,0,0,1,0,1,1
956,110.0,Merkezi (Pay Ölçer),7,Ara Kat,"Sarıyer,Maslak Mahallesi",5000,0,0,0,0,0,0,2,1
957,170.0,Merkezi (Pay Ölçer),8,Çatı Katı,"Sarıyer,Maslak Mahallesi",10000,5,0,0,0,1,0,3,1
958,165.0,Merkezi (Pay Ölçer),3,Çatı Katı,"Sarıyer,Ayazağa Mahallesi",6250,0,0,0,0,0,0,2,1
959,55.0,Merkezi (Pay Ölçer),6,Çatı Katı,"Sarıyer,Maslak Mahallesi",10000,0,0,0,0,0,0,4,1
960,60.0,Merkezi (Pay Ölçer),0,Ara Kat,"Sarıyer,Zekeriyaköy Mahallesi",3500,15,0,0,0,1,0,1,1
961,18.0,Merkezi (Pay Ölçer),4,Çatı Katı,"Sarıyer,Maslak Mahallesi",11000,0,0,0,0,0,0,2,1
962,160.0,Merkezi (Pay Ölçer),4,Çatı Katı,"Sarıyer,Maslak Mahallesi",7500,0,0,0,0,1,0,2,1
963,133.51399253731344,Merkezi (Pay Ölçer),4,Ara Kat,"Sarıyer,Maslak Mahallesi",9500,7,0,0,0,1,0,3,1
964,117.0,Merkezi (Pay Ölçer),6,Çatı Katı,"Sarıyer,Maslak Mahallesi",5500,3,0,0,0,1,0,2,1
965,180.0,Merkezi (Pay Ölçer),10,Ara Kat,"Sarıyer,Maslak Mahallesi",9500,13,0,0,0,1,0,3,1
966,74.0,Merkezi (Pay Ölçer),4,Çatı Katı,"Sarıyer,Maslak Mahallesi",4100,5,0,0,0,0,0,1,1
967,85.0,Merkezi (Pay Ölçer),8,Ara Kat,"Sarıyer,Maslak Mahallesi",6000,5,0,0,0,1,0,1,1
968,145.0,Merkezi (Pay Ölçer),25,Ara Kat,"Sarıyer,Darüşşafaka Mahallesi",5850,9,0,0,0,0,0,3,1
969,183.0,Merkezi (Pay Ölçer),3,Ara Kat,"Sarıyer,Maslak Mahallesi",7000,14,0,0,0,0,0,3,1
970,98.0,Merkezi (Pay Ölçer),2,Ara Kat,"Sarıyer,Huzur Mahallesi",4250,10,0,0,0,0,0,1,1
971,70.0,Merkezi (Pay Ölçer),6,Ara Kat,"Sarıyer,Maslak Mahallesi",4500,0,0,0,0,1,0,1,1
972,64.0,Merkezi (Pay Ölçer),3,Ara Kat,"Sarıyer,Huzur Mahallesi",3250,5,0,0,0,1,0,1,0
973,170.0,Merkezi (Pay Ölçer),6,Ara Kat,"Sarıyer,Maslak Mahallesi",7000,0,0,0,0,0,0,3,1
974,117.0,Merkezi (Pay Ölçer),6,Ara Kat,"Sarıyer,Maslak Mahallesi",6000,2,0,0,0,1,0,3,1
975,110.0,Merkezi (Pay Ölçer),6,1. Kat,"Sarıyer,Zekeriyaköy Mahallesi",4000,1,0,0,0,1,0,2,1
976,128.0,Merkezi (Pay Ölçer),6,Çatı Katı,"Sarıyer,Maslak Mahallesi",5250,2,0,0,0,0,0,3,1
977,128.0,Merkezi (Pay Ölçer),3,Çatı Katı,"Sarıyer,Maslak Mahallesi",5500,18,0,0,0,0,0,3,1
978,170.0,Merkezi (Pay Ölçer),6,Ara Kat,"Sarıyer,Maslak Mahallesi",7000,0,0,0,0,0,0,3,1
980,330.0,Merkezi (Pay Ölçer),7,Çatı Katı,"Sarıyer,Maslak Mahallesi",17000,0,0,0,0,0,0,5,1
981,57.0,Merkezi (Pay Ölçer),0,Ara Kat,"Sarıyer,Ayazağa Mahallesi",2700,5,0,0,0,0,0,1,0
982,117.0,Merkezi (Pay Ölçer),3,Çatı Katı,"Sarıyer,Maslak Mahallesi",5500,18,0,0,0,1,0,2,1
983,70.0,Merkezi (Pay Ölçer),4,Ara Kat,"Sarıyer,Maslak Mahallesi",4500,0,0,0,0,0,0,1,1
984,170.0,Merkezi (Pay Ölçer),8,Ara Kat,"Sarıyer,Maslak Mahallesi",8000,14,0,0,0,0,0,3,1
985,170.0,Merkezi (Pay Ölçer),7,1. Kat,"Sarıyer,Maslak Mahallesi",7500,0,0,0,1,0,1,3,1
986,128.0,Merkezi (Pay Ölçer),3,Ara Kat,"Sarıyer,Maslak Mahallesi",5250,5,0,0,0,0,0,3,1
987,57.0,Merkezi (Pay Ölçer),1,Ara Kat,"Sarıyer,Ayazağa Mahallesi",2700,7,0,0,0,0,0,1,0
988,77.0,Merkezi (Pay Ölçer),6,Ara Kat,"Sarıyer,Maslak Mahallesi",3800,0,0,0,0,0,0,1,1
989,70.0,Merkezi (Pay Ölçer),3,1. Kat,"Sarıyer,Maslak Mahallesi",2800,2,0,0,0,0,0,1,0
990,77.0,Merkezi (Pay Ölçer),6,Ara Kat,"Sarıyer,Maslak Mahallesi",3650,0,0,0,0,0,0,1,1
991,96.0,Merkezi (Pay Ölçer),4,Ara Kat,"Sarıyer,Maslak Mahallesi",3900,5,0,0,0,0,0,1,1
992,170.0,Merkezi (Pay Ölçer),8,Ara Kat,"Sarıyer,Maslak Mahallesi",8500,14,0,0,0,0,0,3,1
993,128.0,Merkezi (Pay Ölçer),5,Ara Kat,"Sarıyer,Maslak Mahallesi",5500,0,0,0,0,0,0,3,1
994,86.0,Merkezi (Pay Ölçer),5,Ara Kat,"Sarıyer,Maslak Mahallesi",2700,0,0,0,0,0,0,1,0
995,80.0,Merkezi (Pay Ölçer),4,Ara Kat,"Sarıyer,Maslak Mahallesi",3700,9,0,0,0,0,0,1,1
996,128.0,Merkezi (Pay Ölçer),6,Çatı Katı,"Sarıyer,Maslak Mahallesi",5500,2,0,0,0,0,0,3,1
997,84.0,Merkezi (Pay Ölçer),4,Ara Kat,"Sarıyer,Ayazağa Mahallesi",4500,9,0,0,0,0,0,1,1
999,51.0,Merkezi (Pay Ölçer),3,Ara Kat,"Sarıyer,Maslak Mahallesi",3600,9,0,0,0,1,0,1,0
1000,85.0,Merkezi (Pay Ölçer),8,Ara Kat,"Sarıyer,Maslak Mahallesi",4000,0,0,0,0,0,0,1,1
1001,79.0,Merkezi (Pay Ölçer),4,Ara Kat,"Sarıyer,Maslak Mahallesi",5500,5,0,0,0,1,0,1,1
1002,400.0,Merkezi (Pay Ölçer),25,Ara Kat,"Sarıyer,Tarabya Mahallesi",20000,11,0,0,1,0,0,5,1
1003,75.0,Merkezi (Pay Ölçer),4,Ara Kat,"Sarıyer,Maslak Mahallesi",20000,0,0,0,0,0,0,4,1
1005,198.0,Merkezi (Pay Ölçer),4,Ara Kat,"Sarıyer,Maslak Mahallesi",7000,9,0,0,0,0,0,3,1
1006,77.0,Merkezi (Pay Ölçer),3,Ara Kat,"Sarıyer,Maslak Mahallesi",3800,18,0,0,0,0,0,1,1
1007,94.0,Merkezi (Pay Ölçer),2,Ara Kat,"Sarıyer,Maslak Mahallesi",4500,9,0,0,0,1,0,1,1
1008,60.0,Merkezi (Pay Ölçer),1,Ara Kat,"Sarıyer,Huzur Mahallesi",3250,0,0,0,0,1,0,1,1
1009,177.0,Merkezi (Pay Ölçer),3,Ara Kat,"Sarıyer,Maslak Mahallesi",7000,18,0,0,0,0,0,3,1
1010,96.0,Merkezi (Pay Ölçer),5,Ara Kat,"Sarıyer,İstinye Mahallesi",7000,9,1,0,0,0,0,1,1
1011,170.0,Merkezi (Pay Ölçer),9,Ara Kat,"Sarıyer,Maslak Mahallesi",7500,6,0,0,0,0,0,3,1
1012,70.0,Merkezi (Pay Ölçer),3,Ara Kat,"Sarıyer,Huzur Mahallesi",4500,5,0,0,0,0,0,1,1
1013,94.0,Merkezi (Pay Ölçer),3,Ara Kat,"Sarıyer,Maslak Mahallesi",5000,14,0,0,1,1,0,1,1
1014,180.0,Merkezi (Pay Ölçer),8,Ara Kat,"Sarıyer,Maslak Mahallesi",8300,0,0,0,0,0,0,3,1
1015,77.0,Merkezi (Pay Ölçer),2,Ara Kat,"Sarıyer,Ayazağa Mahallesi",4300,0,0,0,0,0,0,1,1
1016,167.0,Merkezi (Pay Ölçer),2,Ara Kat,"Sarıyer,Maslak Mahallesi",5200,18,0,0,0,0,0,2,1
1017,85.0,Merkezi (Pay Ölçer),3,Ara Kat,"Sarıyer,Maslak Mahallesi",4000,14,0,0,0,0,0,1,1
1019,64.0,Merkezi (Pay Ölçer),3,Çatı Katı,"Sarıyer,Huzur Mahallesi",3250,9,0,0,0,1,0,1,0
1020,110.0,Merkezi (Pay Ölçer),8,Ara Kat,"Sarıyer,Maslak Mahallesi",5500,5,0,0,0,0,0,2,1
1021,8.0,Merkezi (Pay Ölçer),1,Ara Kat,"Sarıyer,Ayazağa Mahallesi",5000,0,0,0,1,0,0,1,1
1022,360.0,Merkezi (Pay Ölçer),20,Ara Kat,"Sarıyer,Tarabya Mahallesi",21000,0,1,0,1,0,0,5,1
1023,85.0,Merkezi (Pay Ölçer),3,Çatı Katı,"Sarıyer,Maslak Mahallesi",3750,14,0,0,0,0,0,1,1
1024,85.0,Merkezi (Pay Ölçer),3,Ara Kat,"Sarıyer,Huzur Mahallesi",4000,14,0,0,0,0,0,1,1
1025,85.0,Merkezi (Pay Ölçer),8,Ara Kat,"Sarıyer,Maslak Mahallesi",5500,9,0,0,0,1,0,1,1
1026,135.0,Merkezi (Pay Ölçer),9,Ara Kat,"Sarıyer,İstinye Mahallesi",6750,27,0,0,0,0,0,2,1
1027,183.0,Merkezi (Pay Ölçer),2,Ara Kat,"Sarıyer,Maslak Mahallesi",7000,6,0,0,0,0,0,3,1
1028,325.0,Merkezi (Pay Ölçer),4,Çatı Katı,"Sarıyer,Maslak Mahallesi",15000,0,0,0,0,0,0,5,1
1029,70.0,Merkezi (Pay Ölçer),4,Çatı Katı,"Sarıyer,Huzur Mahallesi",13000,14,0,0,1,0,0,3,1
1030,170.0,Merkezi (Pay Ölçer),12,Ara Kat,"Sarıyer,Maslak Mahallesi",12990,3,0,0,0,0,0,3,1
1031,7.0,Merkezi (Pay Ölçer),2,Ara Kat,"Sarıyer,Maslak Mahallesi",2750,6,0,0,0,0,0,1,0
1032,300.0,Merkezi (Pay Ölçer),25,Ara Kat,"Sarıyer,Tarabya Mahallesi",23000,2,0,0,0,0,0,5,1
1033,94.0,Merkezi (Pay Ölçer),3,Ara Kat,"Sarıyer,Maslak Mahallesi",4000,18,0,0,1,0,0,1,1
1034,84.0,Merkezi (Pay Ölçer),3,Ara Kat,"Sarıyer,Ayazağa Mahallesi",4500,5,0,0,0,0,0,1,1
1035,95.0,Merkezi (Pay Ölçer),8,Ara Kat,"Sarıyer,Maslak Mahallesi",4450,7,0,0,0,0,0,1,1
1036,78.0,Merkezi (Pay Ölçer),4,Ara Kat,"Sarıyer,Maslak Mahallesi",3800,6,0,0,0,0,0,1,1
1037,170.0,Merkezi (Pay Ölçer),10,1. Kat,"Sarıyer,Maslak Mahallesi",8750,10,0,0,0,0,1,3,1
1038,85.0,Merkezi (Pay Ölçer),9,Ara Kat,"Sarıyer,Maslak Mahallesi",3900,0,0,0,0,0,0,1,1
1039,110.0,Merkezi (Pay Ölçer),9,Ara Kat,"Sarıyer,Maslak Mahallesi",5500,0,0,0,0,0,0,2,1
1040,319.0,Merkezi (Pay Ölçer),2,Çatı Katı,"Sarıyer,Maslak Mahallesi",15000,22,0,0,0,0,0,4,1
1041,160.0,Merkezi (Pay Ölçer),30,1. Kat,"Sarıyer,Emirgan Mahallesi",11000,27,1,0,0,0,0,3,1
1042,117.0,Merkezi (Pay Ölçer),4,Çatı Katı,"Sarıyer,Maslak Mahallesi",5500,6,0,0,0,1,0,2,1
1043,55.0,Merkezi (Pay Ölçer),9,Çatı Katı,"Sarıyer,Maslak Mahallesi",11000,0,0,0,0,0,0,4,1
1044,96.0,Merkezi (Pay Ölçer),3,Ara Kat,"Sarıyer,İstinye Mahallesi",7000,7,1,0,0,0,0,1,1
1045,73.0,Merkezi (Pay Ölçer),1,Ara Kat,"Sarıyer,Maslak Mahallesi",2800,6,0,0,0,0,0,1,0
1046,183.0,Merkezi (Pay Ölçer),2,Ara Kat,"Sarıyer,Maslak Mahallesi",7000,9,0,0,0,0,0,3,1
1047,90.0,Merkezi (Pay Ölçer),20,1. Kat,"Sarıyer,Darüşşafaka Mahallesi",8000,0,0,0,0,0,1,3,1
1048,69.0,Merkezi (Pay Ölçer),8,Çatı Katı,"Sarıyer,Maslak Mahallesi",4200,9,0,0,0,0,0,1,1
1049,75.0,Merkezi (Pay Ölçer),6,Ara Kat,"Sarıyer,Tarabya Mahallesi",12000,13,0,0,0,0,0,4,1
1050,300.0,Merkezi (Pay Ölçer),25,Ara Kat,"Sarıyer,Tarabya Mahallesi",23000,7,0,0,0,0,0,5,1
1051,74.0,Merkezi (Pay Ölçer),4,Ara Kat,"Sarıyer,Maslak Mahallesi",4200,5,0,0,0,0,0,1,1
1052,170.0,Merkezi (Pay Ölçer),7,Ara Kat,"Sarıyer,Maslak Mahallesi",7000,0,0,0,0,0,0,3,1
1053,177.0,Merkezi (Pay Ölçer),4,Ara Kat,"Sarıyer,Maslak Mahallesi",7250,5,0,0,0,0,0,3,1
1054,94.0,Merkezi (Pay Ölçer),2,Ara Kat,"Sarıyer,Maslak Mahallesi",4500,6,0,0,0,1,0,1,1
1055,170.0,Merkezi (Pay Ölçer),10,Ara Kat,"Sarıyer,Maslak Mahallesi",10000,0,0,0,0,1,0,3,1
1056,170.0,Merkezi (Pay Ölçer),6,Ara Kat,"Sarıyer,Maslak Mahallesi",7500,0,0,0,0,0,0,3,1
1057,85.0,Merkezi (Pay Ölçer),6,Ara Kat,"Sarıyer,Maslak Mahallesi",4000,0,0,0,0,0,0,1,1
1058,80.0,Merkezi (Pay Ölçer),1,Ara Kat,"Sarıyer,Maslak Mahallesi",10500,0,0,0,0,1,0,4,1
1059,85.0,Merkezi (Pay Ölçer),7,Ara Kat,"Sarıyer,Maslak Mahallesi",4000,0,0,0,0,0,0,1,1
1060,300.0,Merkezi (Pay Ölçer),1,Ara Kat,"Sarıyer,Ayazağa Mahallesi",17000,0,0,0,1,0,0,4,1
1061,85.0,Merkezi (Pay Ölçer),6,Ara Kat,"Sarıyer,Maslak Mahallesi",4000,0,0,0,0,0,0,1,1
1062,133.51399253731344,Merkezi (Pay Ölçer),28,Ara Kat,"Sarıyer,Tarabya Mahallesi",17250,7,0,0,0,1,0,3,1
1063,170.0,Merkezi (Pay Ölçer),6,Çatı Katı,"Sarıyer,Maslak Mahallesi",7500,0,0,0,0,0,0,3,1
1064,170.0,Merkezi (Pay Ölçer),6,Ara Kat,"Sarıyer,Maslak Mahallesi",9500,0,0,0,0,1,0,3,1
1065,85.0,Merkezi (Pay Ölçer),6,Ara Kat,"Sarıyer,Maslak Mahallesi",5000,0,0,0,0,1,0,1,1
1066,54.0,Merkezi (Pay Ölçer),1,Ara Kat,"Sarıyer,Huzur Mahallesi",3250,14,0,0,0,0,0,1,0
1067,83.0,Merkezi (Pay Ölçer),4,Ara Kat,"Sarıyer,Huzur Mahallesi",4250,27,0,0,0,0,0,1,1
1068,85.0,Merkezi (Pay Ölçer),6,Ara Kat,"Sarıyer,Maslak Mahallesi",3950,0,0,0,0,0,0,1,1
1069,96.0,Merkezi (Pay Ölçer),5,Ara Kat,"Sarıyer,İstinye Mahallesi",7000,0,1,0,0,0,0,1,1
1070,128.0,Merkezi (Pay Ölçer),4,Ara Kat,"Sarıyer,Maslak Mahallesi",5250,6,0,0,0,0,0,3,1
1071,350.0,Merkezi (Pay Ölçer),25,Ara Kat,"Sarıyer,Tarabya Mahallesi",23000,2,0,0,1,0,0,5,1
1072,85.0,Merkezi (Pay Ölçer),10,Ara Kat,"Sarıyer,Maslak Mahallesi",3500,21,0,0,0,0,0,1,1
1073,85.0,Merkezi (Pay Ölçer),3,Ara Kat,"Sarıyer,Maslak Mahallesi",4000,0,0,0,0,0,0,1,1
1074,84.0,Merkezi (Pay Ölçer),2,Ara Kat,"Sarıyer,Ayazağa Mahallesi",5500,0,0,0,0,1,0,1,1
1075,85.0,Merkezi (Pay Ölçer),11,Ara Kat,"Sarıyer,Maslak Mahallesi",4900,26,0,0,0,1,0,1,1
1076,85.0,Merkezi (Pay Ölçer),9,Ara Kat,"Sarıyer,Maslak Mahallesi",4000,20,0,0,0,0,0,1,1
1077,133.51399253731344,Merkezi (Pay Ölçer),5,Çatı Katı,"Sarıyer,Ayazağa Mahallesi",14000,0,0,0,1,0,0,4,1
1078,8.0,Merkezi (Pay Ölçer),1,1. Kat,"Sarıyer,Ayazağa Mahallesi",5000,0,0,0,0,0,0,1,1
1079,85.0,Merkezi (Pay Ölçer),11,Ara Kat,"Sarıyer,Maslak Mahallesi",5000,26,0,0,0,1,0,1,1
1080,168.0,Merkezi (Pay Ölçer),6,1. Kat,"Sarıyer,Cumhuriyet Mahallesi",13500,13,0,0,0,0,1,3,1
1081,97.0,Merkezi (Pay Ölçer),10,Ara Kat,"Sarıyer,Maslak Mahallesi",4700,10,0,0,0,0,0,1,1
1082,80.0,Merkezi (Pay Ölçer),7,Ara Kat,"Sarıyer,Poligon Mahallesi",16000,28,0,0,1,0,1,4,1
1083,85.0,Merkezi (Pay Ölçer),8,Çatı Katı,"Sarıyer,Maslak Mahallesi",4750,7,0,0,0,1,0,1,1
1084,85.0,Merkezi (Pay Ölçer),9,Ara Kat,"Sarıyer,Maslak Mahallesi",4000,50,0,0,0,1,0,1,1
1085,81.0,Merkezi (Pay Ölçer),5,Ara Kat,"Sarıyer,Ayazağa Mahallesi",5000,0,0,0,1,1,0,1,1
1086,85.0,Merkezi (Pay Ölçer),10,Ara Kat,"Sarıyer,Maslak Mahallesi",4250,10,0,0,0,0,0,1,1
1087,170.0,Merkezi (Pay Ölçer),11,Çatı Katı,"Sarıyer,Maslak Mahallesi",9000,20,0,0,1,0,0,3,1
1088,55.0,Merkezi (Pay Ölçer),5,Ara Kat,"Sarıyer,Zekeriyaköy Mahallesi",3000,1,0,0,0,1,0,1,1
1089,85.0,Merkezi (Pay Ölçer),10,Ara Kat,"Sarıyer,Maslak Mahallesi",4200,20,0,0,0,0,0,1,1
1090,198.0,Merkezi (Pay Ölçer),3,Ara Kat,"Sarıyer,Huzur Mahallesi",6500,9,0,0,0,0,0,3,1
1091,6.0,Merkezi (Pay Ölçer),2,Ara Kat,"Sarıyer,Huzur Mahallesi",3000,14,0,0,0,0,0,1,0
1092,81.0,Merkezi (Pay Ölçer),5,Ara Kat,"Sarıyer,Ayazağa Mahallesi",4900,0,0,0,1,1,0,1,1
1093,6.0,Merkezi (Pay Ölçer),2,Ara Kat,"Sarıyer,Huzur Mahallesi",2900,10,0,0,0,0,0,1,0
1094,130.0,Merkezi (Pay Ölçer),20,1. Kat,"Sarıyer,Kireçburnu Mahallesi",2950,0,1,0,0,0,1,3,1
1095,94.0,Merkezi (Pay Ölçer),4,Ara Kat,"Sarıyer,Maslak Mahallesi",4000,5,0,0,0,0,0,1,1
1096,133.51399253731344,Merkezi (Pay Ölçer),4,Ara Kat,"Sarıyer,Maslak Mahallesi",9000,14,0,0,0,1,0,3,1
1097,46.0,Merkezi (Pay Ölçer),2,1. Kat,"Sarıyer,Zekeriyaköy Mahallesi",2500,41,0,0,0,1,0,1,0
1098,165.0,Merkezi (Pay Ölçer),9,Ara Kat,"Sarıyer,İstinye Mahallesi",12000,7,0,0,0,0,0,3,1
1099,85.0,Merkezi (Pay Ölçer),3,Çatı Katı,"Sarıyer,Maslak Mahallesi",4100,18,0,0,0,0,0,1,1
1100,330.0,Merkezi (Pay Ölçer),12,Ara Kat,"Sarıyer,İstinye Mahallesi",19000,0,0,0,1,0,0,5,1
1101,45.0,Merkezi (Pay Ölçer),2,Ara Kat,"Sarıyer,Zekeriyaköy Mahallesi",2500,15,0,0,0,1,0,1,0
1102,170.0,Merkezi (Pay Ölçer),10,Ara Kat,"Sarıyer,Maslak Mahallesi",9250,17,0,0,0,1,0,3,1
1103,85.0,Merkezi (Pay Ölçer),10,Ara Kat,"Sarıyer,Maslak Mahallesi",5250,17,0,0,0,1,0,1,1
1104,160.0,Merkezi (Pay Ölçer),4,Çatı Katı,"Sarıyer,Maslak Mahallesi",6000,1,0,0,0,0,0,2,1
1105,184.0,Merkezi (Pay Ölçer),0,Ara Kat,"Sarıyer,Ayazağa Mahallesi",10000,0,0,0,1,0,0,3,1
1106,90.0,Merkezi (Pay Ölçer),40,Ara Kat,"Sarıyer,İstinye Mahallesi",3250,0,0,0,0,0,0,2,1
1107,58.0,Merkezi (Pay Ölçer),4,Ara Kat,"Sarıyer,Maslak Mahallesi",3600,9,0,0,0,1,0,1,0
1108,94.0,Merkezi (Pay Ölçer),2,Ara Kat,"Sarıyer,Maslak Mahallesi",13900,3,0,0,0,0,0,3,1
1109,170.0,Merkezi (Pay Ölçer),10,Ara Kat,"Sarıyer,Maslak Mahallesi",7500,17,0,0,0,1,0,3,1
1110,170.0,Merkezi (Pay Ölçer),5,Çatı Katı,"Sarıyer,Maslak Mahallesi",11000,14,0,0,0,0,0,3,1
1111,65.0,Merkezi (Pay Ölçer),4,Ara Kat,"Sarıyer,Maslak Mahallesi",3600,2,0,0,0,1,0,1,0
1112,80.0,Merkezi (Pay Ölçer),4,Ara Kat,"Sarıyer,Maslak Mahallesi",3900,24,0,0,0,0,0,1,1
1113,85.0,Merkezi (Pay Ölçer),11,1. Kat,"Sarıyer,Maslak Mahallesi",4000,28,0,0,0,0,1,1,1
1114,55.0,Merkezi (Pay Ölçer),10,Ara Kat,"Sarıyer,Maslak Mahallesi",12000,17,0,0,0,0,0,4,1
1115,50.0,Merkezi (Pay Ölçer),0,Ara Kat,"Sarıyer,Tarabya Mahallesi",25000,47,0,0,1,0,0,4,1
1116,80.0,Merkezi (Pay Ölçer),6,Ara Kat,"Sarıyer,İstinye Mahallesi",16000,16,0,0,1,1,0,4,1
1117,85.0,Merkezi (Pay Ölçer),10,Ara Kat,"Sarıyer,Maslak Mahallesi",5250,10,0,0,0,1,0,1,1
1118,86.0,Merkezi (Pay Ölçer),4,Ara Kat,"Sarıyer,Maslak Mahallesi",4800,27,0,0,0,1,0,1,1
1119,170.0,Merkezi (Pay Ölçer),10,1. Kat,"Sarıyer,Maslak Mahallesi",8500,17,0,0,0,0,1,3,1
1121,110.0,Merkezi (Pay Ölçer),10,Ara Kat,"Sarıyer,Maslak Mahallesi",4570,17,0,0,0,0,0,2,1
1122,110.0,Merkezi (Pay Ölçer),25,Ara Kat,"Sarıyer,Darüşşafaka Mahallesi",4100,13,0,0,0,0,0,3,1
1123,87.0,Merkezi (Pay Ölçer),4,1. Kat,"Sarıyer,Maslak Mahallesi",3700,39,0,0,0,0,0,1,1
1124,86.0,Merkezi (Pay Ölçer),4,Ara Kat,"Sarıyer,Maslak Mahallesi",4800,25,0,0,0,1,0,1,1
1125,5.0,Merkezi (Pay Ölçer),4,Ara Kat,"Sarıyer,Huzur Mahallesi",13250,7,0,0,0,0,0,4,1
1126,97.0,Merkezi (Pay Ölçer),10,Ara Kat,"Sarıyer,Maslak Mahallesi",4700,17,0,0,0,0,0,1,1
1127,150.0,Merkezi (Pay Ölçer),1,Ara Kat,"Sarıyer,Maslak Mahallesi",9500,11,0,0,0,0,0,3,1
1128,180.0,Merkezi (Pay Ölçer),20,Ara Kat,"Sarıyer,Rumeli Hisarı Mahallesi",14000,13,0,0,0,0,0,2,1
1129,55.0,Merkezi (Pay Ölçer),6,Çatı Katı,"Sarıyer,Maslak Mahallesi",14000,0,0,0,0,0,0,4,1
1130,80.0,Merkezi (Pay Ölçer),3,Ara Kat,"Sarıyer,Maslak Mahallesi",4250,0,0,0,0,0,0,1,1
